Submarca;Modelo;Trans.;Comb.;Cilindros;Potencia (HP);Tamaño (L);Categoría;Marca
CIVIC;2013;CVT;Gasolina;4;90;1,5;AUTOS COMPACTOS;HONDA
CIVIC;2014;CVT;Gasolina;4;90;1,5;AUTOS COMPACTOS;HONDA
CIVIC;2012;CVT;Gasolina;4;90;1,5;AUTOS COMPACTOS;HONDA
CIVIC HIBRIDO;2011;CVT;Gasolina;4;110;1,3;AUTOS COMPACTOS;HONDA
GOLF;2015;DSG;Gasolina;4;140;1,4;AUTOS COMPACTOS;VW
CRUZE;2018;MAN;Gasolina;4;148;1,4;AUTOS COMPACTOS;CHEVROLET
GOLF;2015;MAN;Gasolina;4;140;1,4;AUTOS COMPACTOS;VW
CRUZE;2017;AUT;Gasolina;4;148;1,4;AUTOS COMPACTOS;CHEVROLET
GOLF;2016;DSG;Gasolina;4;150;1,4;AUTOS COMPACTOS;VW
GOLF;2017;DSG;Gasolina;4;150;1,4;AUTOS COMPACTOS;VW
CRUZE;2018;AUT;Gasolina;4;148;1,4;AUTOS COMPACTOS;CHEVROLET
CRUZE;2018;AUT;Gasolina;4;148;1,4;AUTOS COMPACTOS;CHEVROLET
BEETLE;2012;MAN;Gasolina;4;104;1,2;AUTOS COMPACTOS;VW
BEETLE;2013;MAN;Gasolina;4;104;1,2;AUTOS COMPACTOS;VW
GOLF;2016;DSG;Gasolina;4;150;1,4;AUTOS COMPACTOS;VW
GOLF;2017;DSG;Gasolina;4;150;1,4;AUTOS COMPACTOS;VW
GOLF;2016;MAN;Gasolina;4;150;1,4;AUTOS COMPACTOS;VW
GOLF;2017;MAN;Gasolina;4;150;1,4;AUTOS COMPACTOS;VW
CRUZE;2018;AUT;Gasolina;4;148;1,4;AUTOS COMPACTOS;CHEVROLET
MALIBU;2016;AUT;Gasolina;4;160;1,5;AUTOS COMPACTOS;CHEVROLET
MALIBU;2017;AUT;Gasolina;4;160;1,5;AUTOS COMPACTOS;CHEVROLET
MALIBU;2017;AUT;Gasolina;4;160;1,5;AUTOS COMPACTOS;CHEVROLET
GOLF;2013;DSG;Gasolina;4;160;1,4;AUTOS COMPACTOS;VW
CITY;2011;MAN;Gasolina;4;118;1,5;AUTOS COMPACTOS;HONDA
CITY;2011;MAN;Gasolina;4;118;1,5;AUTOS COMPACTOS;HONDA
CITY;2012;MAN;Gasolina;4;118;1,5;AUTOS COMPACTOS;HONDA
CITY;2012;MAN;Gasolina;4;118;1,5;AUTOS COMPACTOS;HONDA
CITY;2013;MAN;Gasolina;4;118;1,5;AUTOS COMPACTOS;HONDA
CITY;2013;MAN;Gasolina;4;118;1,5;AUTOS COMPACTOS;HONDA
CRUZE;2016;MAN;Gasolina;4;138;1,4;AUTOS COMPACTOS;CHEVROLET
FIT;2015;CVT;Gasolina;4;130;1,5;AUTOS COMPACTOS;HONDA
FIT;2015;CVT;Gasolina;4;130;1,5;AUTOS COMPACTOS;HONDA
FIT;2016;CVT;Gasolina;4;130;1,5;AUTOS COMPACTOS;HONDA
FIT;2016;CVT;Gasolina;4;130;1,5;AUTOS COMPACTOS;HONDA
FIT;2017;;Gasolina;4;130;1,5;AUTOS COMPACTOS;HONDA
FIT;2017;;Gasolina;4;130;1,5;AUTOS COMPACTOS;HONDA
CRUZE;2014;AUT;Gasolina;4;138;1,4;AUTOS COMPACTOS;CHEVROLET
FIT;2011;M5;Gasolina;4;118;1,5;AUTOS COMPACTOS;HONDA
FIT;2011;AUT;Gasolina;4;118;1,5;AUTOS COMPACTOS;HONDA
FIT;2011;M5;Gasolina;4;118;1,5;AUTOS COMPACTOS;HONDA
FIT;2011;AUT;Gasolina;4;118;1,5;AUTOS COMPACTOS;HONDA
FIT;2012;AUT;Gasolina;4;118;1,5;AUTOS COMPACTOS;HONDA
FIT;2012;MAN;Gasolina;4;118;1,5;AUTOS COMPACTOS;HONDA
FIT;2012;AUT;Gasolina;4;118;1,5;AUTOS COMPACTOS;HONDA
FIT;2012;MAN;Gasolina;4;118;1,5;AUTOS COMPACTOS;HONDA
FIT;2013;MAN;Gasolina;4;118;1,5;AUTOS COMPACTOS;HONDA
FIT;2013;AUT;Gasolina;4;118;1,5;AUTOS COMPACTOS;HONDA
FIT;2013;MAN;Gasolina;4;118;1,5;AUTOS COMPACTOS;HONDA
FIT;2013;AUT;Gasolina;4;118;1,5;AUTOS COMPACTOS;HONDA
CITY;2011;AUT;Gasolina;4;118;1,5;AUTOS COMPACTOS;HONDA
CITY;2011;AUT;Gasolina;4;118;1,5;AUTOS COMPACTOS;HONDA
CITY;2012;AUT;Gasolina;4;118;1,5;AUTOS COMPACTOS;HONDA
CITY;2012;AUT;Gasolina;4;118;1,5;AUTOS COMPACTOS;HONDA
CITY;2013;AUT;Gasolina;4;118;1,5;AUTOS COMPACTOS;HONDA
CITY;2013;AUT;Gasolina;4;118;1,5;AUTOS COMPACTOS;HONDA
CITY;2014;CVT;Gasolina;4;118;1,5;AUTOS COMPACTOS;HONDA
CITY;2014;CVT;Gasolina;4;118;1,5;AUTOS COMPACTOS;HONDA
CITY;2016;CVT;Gasolina;4;118;1,5;AUTOS COMPACTOS;HONDA
CITY;2016;CVT;Gasolina;4;118;1,5;AUTOS COMPACTOS;HONDA
CITY;2016;CVT;Gasolina;4;118;1,5;AUTOS COMPACTOS;HONDA
CITY;2017;AUT;Gasolina;4;118;1,5;AUTOS COMPACTOS;HONDA
CITY;2017;AUT;Gasolina;4;118;1,5;AUTOS COMPACTOS;HONDA
CITY;2017;AUT;Gasolina;4;118;1,5;AUTOS COMPACTOS;HONDA
CITY;2018;AUT;Gasolina;4;118;1,5;AUTOS COMPACTOS;HONDA
CITY;2018;AUT;Gasolina;4;118;1,5;AUTOS COMPACTOS;HONDA
CITY;2018;AUT;Gasolina;4;118;1,5;AUTOS COMPACTOS;HONDA
CITY;2018;AUT;Gasolina;4;118;1,5;AUTOS COMPACTOS;HONDA
CIVIC;2011;M5;Gasolina;4;140;1,8;AUTOS COMPACTOS;HONDA
CIVIC;2011;M5;Gasolina;4;140;1,8;AUTOS COMPACTOS;HONDA
CIVIC;2011;M5;Gasolina;4;140;1,8;AUTOS COMPACTOS;HONDA
GOLF;2016;DSG;Gasolina;4;220;2;AUTOS COMPACTOS;VW
GOLF;2017;DSG;Gasolina;4;220;2;AUTOS COMPACTOS;VW
GOLF;2013;MAN;Gasolina;4;160;1,4;AUTOS COMPACTOS;VW
CRUZE;2014;MAN;Gasolina;4;138;1,8;AUTOS COMPACTOS;CHEVROLET
CRUZE;2015;MAN;Gasolina;4;138;1,8;AUTOS COMPACTOS;CHEVROLET
CRUZE;2016;MAN;Gasolina;4;139;1,8;AUTOS COMPACTOS;CHEVROLET
MALIBU;2014;AUT;Gasolina;4;196;2,5;AUTOS COMPACTOS;CHEVROLET
MALIBU;2014;AUT;Gasolina;4;196;2,5;AUTOS COMPACTOS;CHEVROLET
MALIBU;2015;AUT;Gasolina;4;196;2,5;AUTOS COMPACTOS;CHEVROLET
MALIBU;2015;AUT;Gasolina;4;196;2,5;AUTOS COMPACTOS;CHEVROLET
BEETLE;2015;DSG;Gasolina;4;210;2;AUTOS COMPACTOS;VW
BEETLE;2013;DSG;Gasolina;4;200;2;AUTOS COMPACTOS;VW
CITY;2014;MAN;Gasolina;4;118;1,5;AUTOS COMPACTOS;HONDA
JETTA;2015;MAN;Gasolina;4;210;2;AUTOS COMPACTOS;VW
CITY;2016;MAN;Gasolina;4;118;1,5;AUTOS COMPACTOS;HONDA
CITY;2016;MAN;Gasolina;4;118;1,5;AUTOS COMPACTOS;HONDA
CITY;2017;MAN;Gasolina;4;118;1,5;AUTOS COMPACTOS;HONDA
CITY;2017;MAN;Gasolina;4;118;1,5;AUTOS COMPACTOS;HONDA
CITY;2018;MAN;Gasolina;4;118;1,5;AUTOS COMPACTOS;HONDA
CITY;2018;MAN;Gasolina;4;118;1,5;AUTOS COMPACTOS;HONDA
BEETLE;2014;DSG;Gasolina;4;210;2;AUTOS COMPACTOS;VW
JETTA;2015;DSG;Gasolina;4;210;2;AUTOS COMPACTOS;VW
CIVIC;2011;AUT;Gasolina;4;140;1,8;AUTOS COMPACTOS;HONDA
CIVIC;2011;AUT;Gasolina;4;140;1,8;AUTOS COMPACTOS;HONDA
CIVIC;2011;AUT;Gasolina;4;140;1,8;AUTOS COMPACTOS;HONDA
CRUZE;2016;AUT;Gasolina;4;138;1,4;AUTOS COMPACTOS;CHEVROLET
CRUZE;2015;AUT;Gasolina;4;138;1,4;AUTOS COMPACTOS;CHEVROLET
CLASICO;2013;MAN;Gasolina;4;115;2;AUTOS COMPACTOS;VW
CLASICO;2014;MAN;Gasolina;4;115;2;AUTOS COMPACTOS;VW
FIT;2015;MAN;Gasolina;4;130;1,5;AUTOS COMPACTOS;HONDA
FIT;2015;MAN;Gasolina;4;130;1,5;AUTOS COMPACTOS;HONDA
BEETLE;2015;MAN;Gasolina;4;210;2;AUTOS COMPACTOS;VW
GOLF;2015;DSG;Gasolina;4;220;2;AUTOS COMPACTOS;VW
CLÁSICO;2015;MAN;Gasolina;4;115;2;AUTOS COMPACTOS;VW
FIT;2016;MAN;Gasolina;4;130;1,5;AUTOS COMPACTOS;HONDA
FIT;2016;MAN;Gasolina;4;130;1,5;AUTOS COMPACTOS;HONDA
CIVIC;2016;CVT;Gasolina;4;174;1,5;AUTOS COMPACTOS;HONDA
CIVIC;2016;CVT;Gasolina;4;174;1,5;AUTOS COMPACTOS;HONDA
CIVIC;2016;CVT;Gasolina;4;174;1,5;AUTOS COMPACTOS;HONDA
CIVIC;2017;;Gasolina;4;174;1,5;AUTOS COMPACTOS;HONDA
CIVIC;2017;;Gasolina;4;174;1,5;AUTOS COMPACTOS;HONDA
CIVIC;2017;;Gasolina;4;174;1,5;AUTOS COMPACTOS;HONDA
FIT;2017;MAN;Gasolina;4;130;1,5;AUTOS COMPACTOS;HONDA
FIT;2017;MAN;Gasolina;4;130;1,5;AUTOS COMPACTOS;HONDA
BEETLE;2016;DSG;Gasolina;4;210;2;AUTOS COMPACTOS;VW
JETTA;2016;DSG;Gasolina;4;210;2;AUTOS COMPACTOS;VW
JETTA;2016;TIPT;Gasolina;4;115;2;AUTOS COMPACTOS;VW
BEETLE;2017;DSG;Gasolina;4;210;2;AUTOS COMPACTOS;VW
JETTA;2017;DSG;Gasolina;4;210;2;AUTOS COMPACTOS;VW
JETTA;2017;TIPT;Gasolina;4;115;2;AUTOS COMPACTOS;VW
CRUZE;2011;M5;Gasolina;4;138;1,8;AUTOS COMPACTOS;CHEVROLET
CRUZE;2012;MAN;Gasolina;4;138;1,8;AUTOS COMPACTOS;CHEVROLET
CRUZE;2013;MAN;Gasolina;4;138;1,8;AUTOS COMPACTOS;CHEVROLET
BEETLE;2014;MAN;Gasolina;4;210;2;AUTOS COMPACTOS;VW
CIVIC;2016;CVT;Gasolina;4;158;2;AUTOS COMPACTOS;HONDA
JETTA;2016;MAN;Gasolina;4;115;2;AUTOS COMPACTOS;VW
JETTA;2017;MAN;Gasolina;4;115;2;AUTOS COMPACTOS;VW
CIVIC;2017;;Gasolina;4;158;2;AUTOS COMPACTOS;HONDA
CIVIC;2017;MAN;Gasolina;4;174;1,5;AUTOS COMPACTOS;HONDA
BEETLE;2012;DSG;Gasolina;4;200;2;AUTOS COMPACTOS;VW
BEETLE;2013;MAN;Gasolina;4;200;2;AUTOS COMPACTOS;VW
JETTA;2011;M6;Gasolina;4;200;2;AUTOS COMPACTOS;VW
JETTA;2012;MAN;Gasolina;4;200;2;AUTOS COMPACTOS;VW
JETTA;2013;MAN;Gasolina;4;200;2;AUTOS COMPACTOS;VW
JETTA;2014;MAN;Gasolina;4;210;2;AUTOS COMPACTOS;VW
JETTA;2015;MAN;Gasolina;4;115;2;AUTOS COMPACTOS;VW
JETTA;2016;MAN;Gasolina;4;210;2;AUTOS COMPACTOS;VW
JETTA;2017;MAN;Gasolina;4;210;2;AUTOS COMPACTOS;VW
JETTA;2015;TIPTRONIC;Gasolina;4;115;2;AUTOS COMPACTOS;VW
BEETLE;2011;M5;Gasolina;4;115;2;AUTOS COMPACTOS;VW
JETTA;2011;M5;Gasolina;4;180;1,8;AUTOS COMPACTOS;VW
MALIBU;2016;AUT;Gasolina;4;260;2;AUTOS COMPACTOS;CHEVROLET
JETTA;2013;DSG;Gasolina;4;200;2;AUTOS COMPACTOS;VW
MALIBU;2017;AUT;Gasolina;4;260;2;AUTOS COMPACTOS;CHEVROLET
MALIBU;2017;AUT;Gasolina;4;260;2;AUTOS COMPACTOS;CHEVROLET
JETTA;2014;DSG;Gasolina;4;210;2;AUTOS COMPACTOS;VW
BEETLE;2016;MAN;Gasolina;4;210;2;AUTOS COMPACTOS;VW
BEETLE;2017;MAN;Gasolina;4;210;2;AUTOS COMPACTOS;VW
HR-V;2017;;Gasolina;4;141;1,8;AUTOS COMPACTOS;HONDA
HR-V;2017;;Gasolina;4;141;1,8;AUTOS COMPACTOS;HONDA
CLASICO;2012;MAN;Gasolina;4;180;1,8;AUTOS COMPACTOS;VW
CLASICO;2013;MAN;Gasolina;4;180;1,8;AUTOS COMPACTOS;VW
MALIBU;2011;AUT;Gasolina;4;170;2,4;AUTOS COMPACTOS;CHEVROLET
JETTA;2011;TIP;Gasolina;4;115;2;AUTOS COMPACTOS;VW
CLASICO;2012;AUT;Gasolina;4;115;2;AUTOS COMPACTOS;VW
CLASICO;2013;TIP;Gasolina;4;115;2;AUTOS COMPACTOS;VW
CLASICO;2014;TIP;Gasolina;4;115;2;AUTOS COMPACTOS;VW
CRUZE;2016;AUT;Gasolina;4;139;1,8;AUTOS COMPACTOS;CHEVROLET
BEETLE;2012;MAN;Gasolina;4;200;2;AUTOS COMPACTOS;VW
MALIBU;2013;AUT;Gasolina;4;197;2,5;AUTOS COMPACTOS;CHEVROLET
JETTA;2015;TIPTRONIC;Gasolina;5;170;2,5;AUTOS COMPACTOS;VW
JETTA;2016;TIPT;Gasolina;5;170;2,5;AUTOS COMPACTOS;VW
JETTA MKVI;2017;TIPT;Gasolina;5;170;2,5;AUTOS COMPACTOS;VW
GOLF;2013;DSG;Gasolina;5;170;2,5;AUTOS COMPACTOS;VW
JETTA;2013;TIP;Gasolina;5;170;2,5;AUTOS COMPACTOS;VW
JETTA;2014;TIP;Gasolina;5;170;2,5;AUTOS COMPACTOS;VW
JETTA;2011;M5;Gasolina;4;115;2;AUTOS COMPACTOS;VW
MALIBU;2012;AUT;Gasolina;4;170;2,4;AUTOS COMPACTOS;CHEVROLET
BEETLE;2013;TIP;Gasolina;5;170;2,5;AUTOS COMPACTOS;VW
BEETLE;2014;TIP;Gasolina;5;170;2,5;AUTOS COMPACTOS;VW
BEETLE;2011;M5;Gasolina;5;150;2,5;AUTOS COMPACTOS;VW
BEETLE;2011;M5;Gasolina;5;150;2,5;AUTOS COMPACTOS;VW
CLASICO;2012;MAN;Gasolina;4;115;2;AUTOS COMPACTOS;VW
JETTA;2015;MAN;Gasolina;5;170;2,5;AUTOS COMPACTOS;VW
JETTA;2016;MAN;Gasolina;5;170;2,5;AUTOS COMPACTOS;VW
JETTA MKVI;2017;MAN;Gasolina;5;170;2,5;AUTOS COMPACTOS;VW
JETTA;2012;AUT;Gasolina;4;200;2;AUTOS COMPACTOS;VW
GOLF;2016;DSG;Gasolina;4;220;2;AUTOS COMPACTOS;VW
GOLF;2017;DSG;Gasolina;4;220;2;AUTOS COMPACTOS;VW
JETTA;2011;M5;Gasolina;5;170;2,5;AUTOS COMPACTOS;VW
GOLF;2011;M5;Gasolina;5;170;2,5;AUTOS COMPACTOS;VW
GOLF;2012;MAN;Gasolina;5;170;2,5;AUTOS COMPACTOS;VW
JETTA;2012;MAN;Gasolina;5;170;2,5;AUTOS COMPACTOS;VW
JETTA;2013;MAN;Gasolina;5;170;2,5;AUTOS COMPACTOS;VW
JETTA;2014;MAN;Gasolina;5;170;2,5;AUTOS COMPACTOS;VW
GOLF;2013;MAN;Gasolina;5;170;2,5;AUTOS COMPACTOS;VW
CLÁSICO;2015;TIPTRONIC;Gasolina;4;115;2;AUTOS COMPACTOS;VW
CRUZE;2015;AUT;Gasolina;4;138;1,8;AUTOS COMPACTOS;CHEVROLET
CRUZE;2015;AUT;Gasolina;4;138;1,8;AUTOS COMPACTOS;CHEVROLET
BEETLE;2015;MAN;Gasolina;5;170;2,5;AUTOS COMPACTOS;VW
BEETLE;2016;MAN;Gasolina;5;170;2,5;AUTOS COMPACTOS;VW
BEETLE;2017;MAN;Gasolina;5;170;2,5;AUTOS COMPACTOS;VW
MALIBU;2013;AUT;Gasolina;4;259;2;AUTOS COMPACTOS;CHEVROLET
MALIBU;2014;AUT;Gasolina;4;259;2;AUTOS COMPACTOS;CHEVROLET
MALIBU;2015;AUT;Gasolina;4;259;2;AUTOS COMPACTOS;CHEVROLET
MALIBU;2015;AUT;Gasolina;4;259;2;AUTOS COMPACTOS;CHEVROLET
JETTA;2013;TIP;Gasolina;4;115;2;AUTOS COMPACTOS;VW
JETTA;2014;TIP;Gasolina;4;115;2;AUTOS COMPACTOS;VW
BEETLE;2012;TIP;Gasolina;5;170;2,5;AUTOS COMPACTOS;VW
BEETLE;2012;TIP;Gasolina;5;170;2,5;AUTOS COMPACTOS;VW
BEETLE;2011;TIPTRONIC;Gasolina;5;150;2,5;AUTOS COMPACTOS;VW
BEETLE;2011;TIPTRONIC;Gasolina;5;150;2,5;AUTOS COMPACTOS;VW
CIVIC;2014;MAN;Gasolina;4;202;2,4;AUTOS COMPACTOS;HONDA
BEETLE;2015;TIPTRONIC;Gasolina;5;170;2,5;AUTOS COMPACTOS;VW
CIVIC;2015;MAN;Gasolina;4;202;2,4;AUTOS COMPACTOS;HONDA
CIVIC;2015;MAN;Gasolina;4;140;1,8;AUTOS COMPACTOS;HONDA
CIVIC;2015;MAN;Gasolina;4;140;1,8;AUTOS COMPACTOS;HONDA
CIVIC;2015;MAN;Gasolina;4;140;1,8;AUTOS COMPACTOS;HONDA
BEETLE;2016;TIPT;Gasolina;5;170;2,5;AUTOS COMPACTOS;VW
BEETLE;2017;TIPT;Gasolina;5;170;2,5;AUTOS COMPACTOS;VW
BEETLE;2014;MAN;Gasolina;5;170;2,5;AUTOS COMPACTOS;VW
BEETLE;2013;MAN;Gasolina;5;170;2,5;AUTOS COMPACTOS;VW
HR-V;2017;MAN;Gasolina;4;141;1,8;AUTOS COMPACTOS;HONDA
JETTA;2012;AUT;Gasolina;5;170;2,5;AUTOS COMPACTOS;VW
JETTA;2013;MAN;Gasolina;4;115;2;AUTOS COMPACTOS;VW
JETTA;2014;MAN;Gasolina;4;115;2;AUTOS COMPACTOS;VW
CIVIC;2016;MAN;Gasolina;4;158;2;AUTOS COMPACTOS;HONDA
CIVIC;2017;MAN;Gasolina;4;158;2;AUTOS COMPACTOS;HONDA
BEETLE;2011;TIPTRONIC;Gasolina;4;115;2;AUTOS COMPACTOS;VW
MALIBU;2013;AUT;Gasolina;4;197;2,5;AUTOS COMPACTOS;CHEVROLET
CRUZE;2011;AUT;Gasolina;4;138;1,8;AUTOS COMPACTOS;CHEVROLET
CRUZE;2012;AUT;Gasolina;4;138;1,8;AUTOS COMPACTOS;CHEVROLET
CRUZE;2013;AUT;Gasolina;4;138;1,8;AUTOS COMPACTOS;CHEVROLET
CRUZE;2014;AUT;Gasolina;4;138;1,8;AUTOS COMPACTOS;CHEVROLET
CRUZE;2015;AUT;Gasolina;4;138;1,8;AUTOS COMPACTOS;CHEVROLET
BEETLE;2012;MAN;Gasolina;5;170;2,5;AUTOS COMPACTOS;VW
CIVIC;2011;M6;Gasolina;4;197;2;AUTOS COMPACTOS;HONDA
CIVIC;2011;M6;Gasolina;4;197;2;AUTOS COMPACTOS;HONDA
CIVIC;2012;MAN;Gasolina;4;202;2,4;AUTOS COMPACTOS;HONDA
CIVIC;2012;MAN;Gasolina;4;202;2,4;AUTOS COMPACTOS;HONDA
CIVIC;2013;MAN;Gasolina;4;202;2,4;AUTOS COMPACTOS;HONDA
CIVIC;2012;AUT;Gasolina;4;140;1,8;AUTOS COMPACTOS;HONDA
CIVIC;2013;AUT;Gasolina;4;140;1,8;AUTOS COMPACTOS;HONDA
CIVIC;2013;AUT;Gasolina;4;140;1,8;AUTOS COMPACTOS;HONDA
CIVIC;2013;AUT;Gasolina;4;140;1,8;AUTOS COMPACTOS;HONDA
CIVIC;2013;AUT;Gasolina;4;140;1,8;AUTOS COMPACTOS;HONDA
CIVIC;2014;AUT;Gasolina;4;140;1,8;AUTOS COMPACTOS;HONDA
CIVIC;2014;AUT;Gasolina;4;140;1,8;AUTOS COMPACTOS;HONDA
CIVIC;2014;AUT;Gasolina;4;140;1,8;AUTOS COMPACTOS;HONDA
CIVIC;2014;AUT;Gasolina;4;140;1,8;AUTOS COMPACTOS;HONDA
CIVIC;2015;AUT;Gasolina;4;140;1,8;AUTOS COMPACTOS;HONDA
CIVIC;2015;AUT;Gasolina;4;140;1,8;AUTOS COMPACTOS;HONDA
CIVIC;2015;AUT;Gasolina;4;140;1,8;AUTOS COMPACTOS;HONDA
CIVIC;2015;AUT;Gasolina;4;140;1,8;AUTOS COMPACTOS;HONDA
JETTA;2011;TIP;Gasolina;4;180;1,8;AUTOS COMPACTOS;VW
JETTA;2011;DSG;Gasolina;5;170;2,5;AUTOS COMPACTOS;VW
GOLF;2011;DSG;Gasolina;5;170;2,5;AUTOS COMPACTOS;VW
GOLF;2012;AUT;Gasolina;5;170;2,5;AUTOS COMPACTOS;VW
CLASICO;2013;TIP;Gasolina;4;180;1,8;AUTOS COMPACTOS;VW
CLASICO;2012;AUT;Gasolina;4;180;1,8;AUTOS COMPACTOS;VW
GOLF;2011;MAN;Gasolina;4;211;2;AUTOS COMPACTOS;VW
GOLF;2011;DSG;Gasolina;4;211;2;AUTOS COMPACTOS;VW
MALIBU;2011;AUT;Gasolina;6;252;3,6;AUTOS COMPACTOS;CHEVROLET
MALIBU;2012;AUT;Gasolina;6;252;3,6;AUTOS COMPACTOS;CHEVROLET
VOLT;2018;CVT;Gasolina;4;101;1,5;AUTOS DE LUJO;CHEVROLET
VOLT;2016;CVT;Gasolina;4;100;1,5;AUTOS DE LUJO;CHEVROLET
VOLT;2017;CVT;Gasolina;4;100;1,5;AUTOS DE LUJO;CHEVROLET
A3;2017;STRONIC;Gasolina;4;150;1,4;AUTOS DE LUJO;AUDI
A3;2016;STRONIC;Gasolina;4;150;1,4;AUTOS DE LUJO;AUDI
R8;2016;S TRONIC;Gasolina;8;430;4,2;AUTOS DE LUJO;AUDI
A3;2016;MAN;Gasolina;4;125;1,4;AUTOS DE LUJO;AUDI
A3;2017;MAN;Gasolina;4;125;1,4;AUTOS DE LUJO;AUDI
A3;2015;STRONIC;Gasolina;4;140;1,4;AUTOS DE LUJO;AUDI
A1;2016;S TRONIC;Gasolina;4;125;1,4;AUTOS DE LUJO;AUDI
A1;2016;S TRONIC;Gasolina;4;125;1,4;AUTOS DE LUJO;AUDI
A1;2017;S TRONIC;Gasolina;4;125;1,4;AUTOS DE LUJO;AUDI
A1;2017;S TRONIC;Gasolina;4;125;1,4;AUTOS DE LUJO;AUDI
A3;2016;S TRONIC;Gasolina;4;125;1,4;AUTOS DE LUJO;AUDI
A3;2017;S TRONIC;Gasolina;4;125;1,4;AUTOS DE LUJO;AUDI
A1;2013;MAN;Gasolina;4;122;1,4;AUTOS DE LUJO;AUDI
A1;2013;MAN;Gasolina;4;122;1,4;AUTOS DE LUJO;AUDI
A1;2013;STRONIC;Gasolina;4;122;1,4;AUTOS DE LUJO;AUDI
A1;2013;STRONIC;Gasolina;4;122;1,4;AUTOS DE LUJO;AUDI
A4;2016;S TRONIC;Gasolina;4;190;2;AUTOS DE LUJO;AUDI
A4;2017;S TRONIC;Gasolina;4;190;2;AUTOS DE LUJO;AUDI
A3;2013;STRONIC;Gasolina;4;125;1,4;AUTOS DE LUJO;AUDI
A3;2013;STRONIC;Gasolina;4;125;1,4;AUTOS DE LUJO;AUDI
A3;2015;STRONIC;Gasolina;4;180;1,8;AUTOS DE LUJO;AUDI
A3;2015;STRONIC;Gasolina;4;180;1,8;AUTOS DE LUJO;AUDI
A3;2015;STRONIC;Gasolina;4;180;1,8;AUTOS DE LUJO;AUDI
A1;2016;MAN;Gasolina;4;125;1,4;AUTOS DE LUJO;AUDI
A1;2016;MAN;Gasolina;4;125;1,4;AUTOS DE LUJO;AUDI
A1;2017;MAN;Gasolina;4;125;1,4;AUTOS DE LUJO;AUDI
A1;2017;MAN;Gasolina;4;125;1,4;AUTOS DE LUJO;AUDI
A3;2017;S TRONIC;Gasolina;4;180;1,8;AUTOS DE LUJO;AUDI
A3;2017;STRONIC;Gasolina;4;180;1,8;AUTOS DE LUJO;AUDI
A3;2017;STRONIC;Gasolina;4;180;1,8;AUTOS DE LUJO;AUDI
A1;2015;STRONIC;Gasolina;4;185;1,4;AUTOS DE LUJO;AUDI
A1;2015;STRONIC;Gasolina;4;185;1,4;AUTOS DE LUJO;AUDI
A1;2012;S TRONIC;Gasolina;4;185;1,4;AUTOS DE LUJO;AUDI
A1;2014;S TRONIC;Gasolina;4;185;1,4;AUTOS DE LUJO;AUDI
A1;2014;S TRONIC;Gasolina;4;185;1,4;AUTOS DE LUJO;AUDI
A3;2016;S TRONIC;Gasolina;4;180;1,8;AUTOS DE LUJO;AUDI
A3;2016;S TRONIC;Gasolina;4;180;1,8;AUTOS DE LUJO;AUDI
A3;2016;S TRONIC;Gasolina;4;180;1,8;AUTOS DE LUJO;AUDI
TT;2013;STRONIC;Gasolina;4;160;1,8;AUTOS DE LUJO;AUDI
TT;2013;STRONIC;Gasolina;4;160;1,8;AUTOS DE LUJO;AUDI
A1;2015;MAN;Gasolina;4;122;1,4;AUTOS DE LUJO;AUDI
A1;2015;MAN;Gasolina;4;122;1,4;AUTOS DE LUJO;AUDI
A3;2011;MAN;Gasolina;4;125;1,4;AUTOS DE LUJO;AUDI
A3;2012;MAN;Gasolina;4;125;1,4;AUTOS DE LUJO;AUDI
A3;2012;MAN;Gasolina;4;125;1,4;AUTOS DE LUJO;AUDI
A3;2013;MAN;Gasolina;4;125;1,4;AUTOS DE LUJO;AUDI
A3;2013;MAN;Gasolina;4;125;1,4;AUTOS DE LUJO;AUDI
A3;2011;S TRONIC;Gasolina;4;125;1,4;AUTOS DE LUJO;AUDI
A3;2012;S TRONIC;Gasolina;4;125;1,4;AUTOS DE LUJO;AUDI
A3;2012;S TRONIC;Gasolina;4;125;1,4;AUTOS DE LUJO;AUDI
A3;2013;STRONIC;Gasolina;4;160;1,8;AUTOS DE LUJO;AUDI
A3;2013;STRONIC;Gasolina;4;160;1,8;AUTOS DE LUJO;AUDI
A3;2013;STRONIC;Gasolina;4;160;1,8;AUTOS DE LUJO;AUDI
A1;2015;STRONIC;Gasolina;4;122;1,4;AUTOS DE LUJO;AUDI
A1;2015;STRONIC;Gasolina;4;122;1,4;AUTOS DE LUJO;AUDI
A1;2016;S TRONIC;Gasolina;4;192;1,8;AUTOS DE LUJO;AUDI
A1;2016;S TRONIC;Gasolina;4;192;1,8;AUTOS DE LUJO;AUDI
A1;2017;S TRONIC;Gasolina;4;192;1,8;AUTOS DE LUJO;AUDI
A1;2017;S TRONIC;Gasolina;4;192;1,8;AUTOS DE LUJO;AUDI
A4;2017;MULTIT;Gasolina;4;225;2;AUTOS DE LUJO;AUDI
A3;2011;S TRONIC;Gasolina;4;160;1,8;AUTOS DE LUJO;AUDI
A3;2011;S TRONIC;Gasolina;4;160;1,8;AUTOS DE LUJO;AUDI
A3;2012;S TRONIC;Gasolina;4;160;1,8;AUTOS DE LUJO;AUDI
A3;2012;S TRONIC;Gasolina;4;160;1,8;AUTOS DE LUJO;AUDI
A3;2012;S TRONIC;Gasolina;4;160;1,8;AUTOS DE LUJO;AUDI
A5;2016;MULTIT;Gasolina;4;225;2;AUTOS DE LUJO;AUDI
A5;2016;MULTIT;Gasolina;4;225;2;AUTOS DE LUJO;AUDI
A5;2017;MULTIT;Gasolina;4;225;2;AUTOS DE LUJO;AUDI
A5;2017;MULTIT;Gasolina;4;225;2;AUTOS DE LUJO;AUDI
TT;2016;STRONIC;Gasolina;4;180;1,8;AUTOS DE LUJO;AUDI
TT;2017;STRONIC;Gasolina;4;180;1,8;AUTOS DE LUJO;AUDI
PANAMERA;2016;TIPTRONIC;Gasolina;6;333;3;AUTOS DE LUJO;PORSCHE
TT;2013;MAN;Gasolina;4;160;1,8;AUTOS DE LUJO;AUDI
PANAMERA;2013;PDK;Gasolina;8;550;4,8;AUTOS DE LUJO;PORSCHE
PANAMERA;2013;PDK;Gasolina;8;550;4,8;AUTOS DE LUJO;PORSCHE
PANAMERA;2015;TIPTRONIC;Gasolina;6;428;3;AUTOS DE LUJO;PORSCHE
PANAMERA;2016;TIPT;Gasolina;6;429;3;AUTOS DE LUJO;PORSCHE
PANAMERA;2017;TIPT;Gasolina;6;430;3;AUTOS DE LUJO;PORSCHE
A4;2015;MULTITRONIC;Gasolina;4;225;2;AUTOS DE LUJO;AUDI
A5;2016;MULTIT;Gasolina;4;225;2;AUTOS DE LUJO;AUDI
A5;2017;MULTIT;Gasolina;4;225;2;AUTOS DE LUJO;AUDI
A4;2016;MULTITRONIC;Gasolina;4;224;2;AUTOS DE LUJO;AUDI
CAYMAN;2016;PDK;Gasolina;6;300;2;AUTOS DE LUJO;PORSCHE
CAYMAN;2017;PDK;Gasolina;6;300;2;AUTOS DE LUJO;PORSCHE
A5;2016;MULTIT;Gasolina;4;170;1,8;AUTOS DE LUJO;AUDI
A4;2016;S TRONIC;Gasolina;4;252;2;AUTOS DE LUJO;AUDI
A4;2017;S TRONIC;Gasolina;4;252;2;AUTOS DE LUJO;AUDI
A5;2017;MULTIT;Gasolina;4;170;1,8;AUTOS DE LUJO;AUDI
TT;2013;STRONIC;Gasolina;4;211;2;AUTOS DE LUJO;AUDI
TT;2013;STRONIC;Gasolina;4;211;2;AUTOS DE LUJO;AUDI
A3;2013;STRONIC;Gasolina;4;200;2;AUTOS DE LUJO;AUDI
A3;2013;STRONIC;Gasolina;4;200;2;AUTOS DE LUJO;AUDI
A3;2013;STRONIC;Gasolina;4;200;2;AUTOS DE LUJO;AUDI
A3;2011;S TRONIC;Gasolina;4;200;1,8;AUTOS DE LUJO;AUDI
A3;2011;S TRONIC;Gasolina;4;200;1,8;AUTOS DE LUJO;AUDI
A3;2011;S TRONIC;Gasolina;4;200;1,8;AUTOS DE LUJO;AUDI
A3;2012;S TRONIC;Gasolina;4;200;2;AUTOS DE LUJO;AUDI
A3;2012;S TRONIC;Gasolina;4;200;2;AUTOS DE LUJO;AUDI
A3;2012;S TRONIC;Gasolina;4;200;2;AUTOS DE LUJO;AUDI
A4;2015;MULTITRONIC;Gasolina;4;170;1,8;AUTOS DE LUJO;AUDI
A4;2017;MULTIT;Gasolina;4;170;1,8;AUTOS DE LUJO;AUDI
A4;2013;MULTITRONIC;Gasolina;4;170;1,8;AUTOS DE LUJO;AUDI
A4;2013;STRONIC;Gasolina;4;170;1,8;AUTOS DE LUJO;AUDI
A4;2016;MULTITRONIC;Gasolina;4;170;1,8;AUTOS DE LUJO;AUDI
A5;2015;MULTITRONIC;Gasolina;4;170;1,8;AUTOS DE LUJO;AUDI
A5;2015;MULTITRONIC;Gasolina;4;225;2;AUTOS DE LUJO;AUDI
A5;2015;MULTITRONIC;Gasolina;4;225;2;AUTOS DE LUJO;AUDI
A5;2015;MULTITRONIC;Gasolina;4;225;2;AUTOS DE LUJO;AUDI
A5;2013;MULTITRONIC;Gasolina;4;170;1,8;AUTOS DE LUJO;AUDI
A5;2013;MULTITRONIC;Gasolina;4;170;1,8;AUTOS DE LUJO;AUDI
A5;2013;MULTITRONIC;Gasolina;4;211;2;AUTOS DE LUJO;AUDI
A5;2013;MULTITRONIC;Gasolina;4;211;2;AUTOS DE LUJO;AUDI
A5;2013;STRONIC;Gasolina;4;211;2;AUTOS DE LUJO;AUDI
A5;2013;STRONIC;Gasolina;4;211;2;AUTOS DE LUJO;AUDI
CAYMAN;2016;PDK;Gasolina;6;275;2,7;AUTOS DE LUJO;PORSCHE
A6;2017;STRONIC;Gasolina;4;252;2;AUTOS DE LUJO;AUDI
TT;2017;STRONIC;Gasolina;4;230;2;AUTOS DE LUJO;AUDI
A6;2016;STRONIC;Gasolina;4;252;2;AUTOS DE LUJO;AUDI
TT;2016;STRONIC;Gasolina;4;230;2;AUTOS DE LUJO;AUDI
CAYMAN;2015;PDK;Gasolina;6;275;2,7;AUTOS DE LUJO;PORSCHE
CAYMAN;2017;PDK;Gasolina;6;275;2,7;AUTOS DE LUJO;PORSCHE
A4;2011;MULTITRONIC;Gasolina;4;160;1,8;AUTOS DE LUJO;AUDI
A4;2012;MULTITRONIC;Gasolina;4;160;1,8;AUTOS DE LUJO;AUDI
A5;2016;MULTIT;Gasolina;4;230;2;AUTOS DE LUJO;AUDI
A5;2016;MULTIT;Gasolina;4;230;2;AUTOS DE LUJO;AUDI
A5;2016;MULTIT;Gasolina;4;230;2;AUTOS DE LUJO;AUDI
CAYMAN;2016;MAN;Gasolina;6;340;3,4;AUTOS DE LUJO;PORSCHE
A5;2017;MULTIT;Gasolina;4;230;2;AUTOS DE LUJO;AUDI
A5;2017;MULTIT;Gasolina;4;230;2;AUTOS DE LUJO;AUDI
A5;2017;MULTIT;Gasolina;4;230;2;AUTOS DE LUJO;AUDI
TT;2017;STRONIC;Gasolina;4;285;2;AUTOS DE LUJO;AUDI
CAYMAN;2017;MAN;Gasolina;6;340;3,4;AUTOS DE LUJO;PORSCHE
TT;2016;STRONIC;Gasolina;4;285;2;AUTOS DE LUJO;AUDI
CAYMAN;2016;MAN;Gasolina;6;275;2,7;AUTOS DE LUJO;PORSCHE
A4;2013;MULTITRONIC;Gasolina;4;211;2;AUTOS DE LUJO;AUDI
A4;2013;STRONIC;Gasolina;4;211;2;AUTOS DE LUJO;AUDI
A4;2011;MAN;Gasolina;4;160;1,8;AUTOS DE LUJO;AUDI
A4;2012;MAN;Gasolina;4;160;1,8;AUTOS DE LUJO;AUDI
ACCORD;2011;AUT;Gasolina;4;191;2,4;AUTOS DE LUJO;HONDA
ACCORD;2012;AUT;Gasolina;4;191;2,4;AUTOS DE LUJO;HONDA
CAYMAN;2015;MAN;Gasolina;6;275;2,7;AUTOS DE LUJO;PORSCHE
PASSAT;2015;TIPTRONIC;Gasolina;5;170;2,5;AUTOS DE LUJO;VW
A7;2016;STRONIC;Gasolina;4;252;2;AUTOS DE LUJO;AUDI
A7;2016;STRONIC;Gasolina;4;252;2;AUTOS DE LUJO;AUDI
PASSAT;2016;TIPT;Gasolina;5;170;2,5;AUTOS DE LUJO;VW
A7;2017;STRONIC;Gasolina;4;252;2;AUTOS DE LUJO;AUDI
A7;2017;STRONIC;Gasolina;4;252;2;AUTOS DE LUJO;AUDI
CAYMAN;2017;MAN;Gasolina;6;275;2,7;AUTOS DE LUJO;PORSCHE
PASSAT;2017;TIPT;Gasolina;5;170;2,5;AUTOS DE LUJO;VW
A6;2016;STRONIC;Gasolina;4;252;2;AUTOS DE LUJO;AUDI
A6;2017;STRONIC;Gasolina;4;252;2;AUTOS DE LUJO;AUDI
PASSAT;2015;TIPTRONIC;Gasolina;6;280;3,6;AUTOS DE LUJO;VW
A5;2016;STRONIC;Gasolina;4;230;2;AUTOS DE LUJO;AUDI
A5;2016;STRONIC;Gasolina;4;230;2;AUTOS DE LUJO;AUDI
A6;2016;STRONIC;Gasolina;4;190;1,8;AUTOS DE LUJO;AUDI
CAYMAN;2016;PDK;Gasolina;6;340;3,4;AUTOS DE LUJO;PORSCHE
A5;2017;STRONIC;Gasolina;4;230;2;AUTOS DE LUJO;AUDI
A5;2017;STRONIC;Gasolina;4;230;2;AUTOS DE LUJO;AUDI
A6;2017;STRONIC;Gasolina;4;190;1,8;AUTOS DE LUJO;AUDI
CAYMAN;2017;PDK;Gasolina;6;340;3,4;AUTOS DE LUJO;PORSCHE
A4;2011;MULTITRONIC;Gasolina;4;211;2;AUTOS DE LUJO;AUDI
A4;2011;S TRONIC;Gasolina;4;211;2;AUTOS DE LUJO;AUDI
A5;2011;S TRONIC;Gasolina;4;211;2;AUTOS DE LUJO;AUDI
A4;2012;MULTITRONIC;Gasolina;4;211;2;AUTOS DE LUJO;AUDI
A4;2012;S TRONIC;Gasolina;4;211;2;AUTOS DE LUJO;AUDI
A5;2012;S TRONIC;Gasolina;4;211;2;AUTOS DE LUJO;AUDI
A5;2012;MULTITRONIC;Gasolina;4;211;2;AUTOS DE LUJO;AUDI
A5;2012;S TRONIC;Gasolina;4;211;2;AUTOS DE LUJO;AUDI
CAYMAN;2016;MAN;Gasolina;6;300;2;AUTOS DE LUJO;PORSCHE
CAYMAN;2017;MAN;Gasolina;6;300;2;AUTOS DE LUJO;PORSCHE
TTS;2013;STRONIC;Gasolina;4;272;2;AUTOS DE LUJO;AUDI
TTS;2013;STRONIC;Gasolina;4;272;2;AUTOS DE LUJO;AUDI
S3;2016;S TRONIC;Gasolina;4;285;2;AUTOS DE LUJO;AUDI
ACCORD;2011;AUT;Gasolina;4;178;2,4;AUTOS DE LUJO;HONDA
ACCORD;2012;AUT;Gasolina;4;178;2,4;AUTOS DE LUJO;HONDA
S3;2015;STRONIC;Gasolina;4;280;2;AUTOS DE LUJO;AUDI
S3;2015;STRONIC;Gasolina;4;285;2;AUTOS DE LUJO;AUDI
S3;2015;STRONIC;Gasolina;4;285;2;AUTOS DE LUJO;AUDI
PASSAT;2015;DSG;Gasolina;6;280;3,6;AUTOS DE LUJO;VW
CAYMAN;2016;PDK;Gasolina;6;325;3,4;AUTOS DE LUJO;PORSCHE
S3;2016;STRONIC;Gasolina;4;280;2;AUTOS DE LUJO;AUDI
S3;2016;STRONIC;Gasolina;4;285;2;AUTOS DE LUJO;AUDI
PASSAT;2016;DSG;Gasolina;6;280;3,6;AUTOS DE LUJO;VW
S3;2017;STRONIC;Gasolina;4;285;2;AUTOS DE LUJO;AUDI
S3;2017;STRONIC;Gasolina;4;285;2;AUTOS DE LUJO;AUDI
PASSAT;2017;DSG;Gasolina;6;280;3,6;AUTOS DE LUJO;VW
CAYMAN;2013;PDK;Gasolina;6;325;3,4;AUTOS DE LUJO;PORSCHE
A8;2015;TIPTRONIC;Gasolina;6;310;3;AUTOS DE LUJO;AUDI
CAYMAN;2015;PDK;Gasolina;6;325;3,4;AUTOS DE LUJO;PORSCHE
A8;2016;TIPT;Gasolina;6;310;3;AUTOS DE LUJO;AUDI
CAYMAN;2016;PDK;Gasolina;6;325;3,4;AUTOS DE LUJO;PORSCHE
A8;2017;TIPT;Gasolina;6;310;3;AUTOS DE LUJO;AUDI
CAYMAN;2017;PDK;Gasolina;6;325;3,4;AUTOS DE LUJO;PORSCHE
CAYMAN;2011;MAN;Gasolina;6;265;2,9;AUTOS DE LUJO;PORSCHE
CAYMAN;2011;PDK;Gasolina;6;265;2,9;AUTOS DE LUJO;PORSCHE
CAYMAN;2012;MAN;Gasolina;6;265;2,9;AUTOS DE LUJO;PORSCHE
CAYMAN;2012;PDK;Gasolina;6;265;2,9;AUTOS DE LUJO;PORSCHE
A6;2015;MULTITRONIC;Gasolina;4;180;2;AUTOS DE LUJO;AUDI
PASSAT;2015;DSG;Gasolina;4;200;2;AUTOS DE LUJO;VW
A8;2016;TIPTRONIC;Gasolina;6;310;3;AUTOS DE LUJO;AUDI
PASSAT;2016;DSG;Gasolina;4;200;2;AUTOS DE LUJO;VW
PASSAT CC;2017;DSG;Gasolina;4;200;2;AUTOS DE LUJO;VW
PASSAT;2013;DSG;Gasolina;4;200;2;AUTOS DE LUJO;VW
PASSAT;2014;DSG;Gasolina;4;200;2;AUTOS DE LUJO;VW
A4;2015;STRONIC;Gasolina;4;225;2;AUTOS DE LUJO;AUDI
A5;2015;STRONIC;Gasolina;4;225;2;AUTOS DE LUJO;AUDI
A5;2015;STRONIC;Gasolina;4;225;2;AUTOS DE LUJO;AUDI
A5;2016;STRONIC;Gasolina;4;225;2;AUTOS DE LUJO;AUDI
A5;2016;STRONIC;Gasolina;3;272;3;AUTOS DE LUJO;AUDI
A5;2016;STRONIC;Gasolina;6;272;3;AUTOS DE LUJO;AUDI
A5;2016;MULTIT;Gasolina;4;177;1,8;AUTOS DE LUJO;AUDI
A5;2016;STRONIC;Gasolina;4;225;2;AUTOS DE LUJO;AUDI
A5;2016;STRONIC;Gasolina;6;272;3;AUTOS DE LUJO;AUDI
A4;2017;S TRONIC;Gasolina;4;225;2;AUTOS DE LUJO;AUDI
A5;2017;STRONIC;Gasolina;4;225;2;AUTOS DE LUJO;AUDI
A5;2017;STRONIC;Gasolina;6;272;3;AUTOS DE LUJO;AUDI
A5;2017;STRONIC;Gasolina;3;272;3;AUTOS DE LUJO;AUDI
A5;2017;MULTIT;Gasolina;4;177;1,8;AUTOS DE LUJO;AUDI
A5;2017;STRONIC;Gasolina;4;225;2;AUTOS DE LUJO;AUDI
A5;2017;STRONIC;Gasolina;6;272;3;AUTOS DE LUJO;AUDI
A6;2017;STRONIC;Gasolina;6;333;3;AUTOS DE LUJO;AUDI
A6;2016;STRONIC;Gasolina;6;333;3;AUTOS DE LUJO;AUDI
A6;2013;MULTITRONIC;Gasolina;4;180;2;AUTOS DE LUJO;AUDI
A6;2014;MULTITRONIC;Gasolina;4;180;2;AUTOS DE LUJO;AUDI
A4;2013;STRONIC;Gasolina;6;272;3;AUTOS DE LUJO;AUDI
A5;2013;STRONIC;Gasolina;6;272;3;AUTOS DE LUJO;AUDI
A5;2013;STRONIC;Gasolina;6;272;3;AUTOS DE LUJO;AUDI
A5;2013;STRONIC;Gasolina;6;272;3;AUTOS DE LUJO;AUDI
A5;2013;STRONIC;Gasolina;6;333;3;AUTOS DE LUJO;AUDI
A5;2013;STRONIC;Gasolina;6;333;3;AUTOS DE LUJO;AUDI
A5;2013;STRONIC;Gasolina;6;333;3;AUTOS DE LUJO;AUDI
S4;2013;STRONIC;Gasolina;6;333;3;AUTOS DE LUJO;AUDI
S5;2013;STRONIC;Gasolina;6;333;3;AUTOS DE LUJO;AUDI
S4;2014;S TRONIC;Gasolina;6;333;3;AUTOS DE LUJO;AUDI
A4;2015;STRONIC;Gasolina;6;272;3;AUTOS DE LUJO;AUDI
A5;2015;STRONIC;Gasolina;6;272;3;AUTOS DE LUJO;AUDI
A5;2015;STRONIC;Gasolina;6;272;3;AUTOS DE LUJO;AUDI
A5;2015;STRONIC;Gasolina;6;272;3;AUTOS DE LUJO;AUDI
S5;2015;STRONIC;Gasolina;6;333;3;AUTOS DE LUJO;AUDI
S5;2015;STRONIC;Gasolina;6;333;3;AUTOS DE LUJO;AUDI
S4;2015;STRONIC;Gasolina;6;333;3;AUTOS DE LUJO;AUDI
A4;2016;S TRONIC;Gasolina;6;272;3;AUTOS DE LUJO;AUDI
A5;2016;STRONIC;Gasolina;6;272;3;AUTOS DE LUJO;AUDI
A5;2016;STRONIC;Gasolina;3;272;3;AUTOS DE LUJO;AUDI
A5;2016;STRONIC;Gasolina;6;272;3;AUTOS DE LUJO;AUDI
A4;2017;S TRONIC;Gasolina;6;272;3;AUTOS DE LUJO;AUDI
CAYMAN;2011;MAN;Gasolina;6;320;3,4;AUTOS DE LUJO;PORSCHE
CAYMAN;2011;PDK;Gasolina;6;320;3,4;AUTOS DE LUJO;PORSCHE
CAYMAN;2012;MAN;Gasolina;6;320;3,4;AUTOS DE LUJO;PORSCHE
CAYMAN;2012;PDK;Gasolina;6;320;3,4;AUTOS DE LUJO;PORSCHE
A6;2013;MULTITRONIC;Gasolina;6;204;2,8;AUTOS DE LUJO;AUDI
A5;2016;STRONIC;Gasolina;6;333;3;AUTOS DE LUJO;AUDI
A7;2016;STRONIC;Gasolina;6;333;3;AUTOS DE LUJO;AUDI
RS Q3;2016;STRONIC;Gasolina;5;367;2,5;AUTOS DE LUJO;AUDI
S4;2016;STRONIC;Gasolina;6;333;3;AUTOS DE LUJO;AUDI
S5;2016;STRONIC;Gasolina;6;333;3;AUTOS DE LUJO;AUDI
A5;2017;STRONIC;Gasolina;6;333;3;AUTOS DE LUJO;AUDI
A7;2017;STRONIC;Gasolina;6;333;3;AUTOS DE LUJO;AUDI
RS Q3;2017;STRONIC;Gasolina;5;367;2,5;AUTOS DE LUJO;AUDI
S4;2017;STRONIC;Gasolina;6;333;3;AUTOS DE LUJO;AUDI
S5;2017;STRONIC;Gasolina;6;333;3;AUTOS DE LUJO;AUDI
PASSAT;2013;TIPTRONIC;Gasolina;5;170;2,5;AUTOS DE LUJO;VW
NUEVO PASSAT;2012;TIP;Gasolina;5;170;2,5;AUTOS DE LUJO;VW
S5;2016;STRONIC;Gasolina;6;333;3;AUTOS DE LUJO;AUDI
S5;2017;STRONIC;Gasolina;6;333;3;AUTOS DE LUJO;AUDI
A4;2011;MULTITRONIC;Gasolina;4;180;2;AUTOS DE LUJO;AUDI
A4;2012;MULTITRONIC;Gasolina;4;180;2;AUTOS DE LUJO;AUDI
RSQ3;2015;STRONIC;Gasolina;5;310;2,5;AUTOS DE LUJO;AUDI
A6;2014;S TRONIC;Gasolina;6;310;3;AUTOS DE LUJO;AUDI
A7;2014;S TRONIC;Gasolina;6;310;3;AUTOS DE LUJO;AUDI
A6;2013;STRONIC;Gasolina;6;310;3;AUTOS DE LUJO;AUDI
A7;2013;STRONIC;Gasolina;6;310;3;AUTOS DE LUJO;AUDI
A6;2015;STRONIC;Gasolina;6;310;3;AUTOS DE LUJO;AUDI
A7;2015;STRONIC;Gasolina;6;310;3;AUTOS DE LUJO;AUDI
TT;2013;MAN;Gasolina;5;340;2,5;AUTOS DE LUJO;AUDI
TT;2013;MAN;Gasolina;5;340;2,5;AUTOS DE LUJO;AUDI
TT;2013;STRONIC;Gasolina;5;340;2,5;AUTOS DE LUJO;AUDI
TT;2013;STRONIC;Gasolina;5;340;2,5;AUTOS DE LUJO;AUDI
A4;2016;S TRONIC;Gasolina;4;224;2;AUTOS DE LUJO;AUDI
ACCORD;2011;AUT;Gasolina;6;271;3,5;AUTOS DE LUJO;HONDA
ACCORD;2011;AUT;Gasolina;6;271;3,5;AUTOS DE LUJO;HONDA
ACCORD;2012;AUT;Gasolina;6;271;3,5;AUTOS DE LUJO;HONDA
ACCORD;2016;CVT;Gasolina;4;185;2,4;AUTOS DE LUJO;HONDA
ACCORD;2016;CVT;Gasolina;4;185;2,4;AUTOS DE LUJO;HONDA
ACCORD;2016;CVT;Gasolina;4;189;2,4;AUTOS DE LUJO;HONDA
ACCORD;2017;AUT;Gasolina;4;185;2,4;AUTOS DE LUJO;HONDA
ACCORD;2017;;Gasolina;4;185;2,4;AUTOS DE LUJO;HONDA
ACCORD;2017;;Gasolina;4;189;2,4;AUTOS DE LUJO;HONDA
PASSAT;2011;TIP;Gasolina;4;200;2;AUTOS DE LUJO;VW
PASSAT;2011;TIP;Gasolina;4;200;2;AUTOS DE LUJO;VW
PASSAT;2012;DSG;Gasolina;4;200;2;AUTOS DE LUJO;VW
ACCORD;2011;AUT;Gasolina;6;271;3,5;AUTOS DE LUJO;HONDA
ACCORD;2012;AUT;Gasolina;6;271;3,5;AUTOS DE LUJO;HONDA
CAYMAN;2016;PDK;Gasolina;6;350;2,5;AUTOS DE LUJO;PORSCHE
CAYMAN;2017;PDK;Gasolina;6;350;2,5;AUTOS DE LUJO;PORSCHE
PASSAT;2013;TIPTRONIC;Gasolina;6;280;3,6;AUTOS DE LUJO;VW
PASSAT;2014;DSG;Gasolina;6;280;3,6;AUTOS DE LUJO;VW
CAYMAN;2013;MAN;Gasolina;6;325;3,4;AUTOS DE LUJO;PORSCHE
CAYMAN;2016;MAN;Gasolina;6;325;3,4;AUTOS DE LUJO;PORSCHE
CAYMAN;2016;MAN;Gasolina;6;350;2,5;AUTOS DE LUJO;PORSCHE
CAYMAN;2017;MAN;Gasolina;6;350;2,5;AUTOS DE LUJO;PORSCHE
NUEVO PASSAT;2012;TIP;Gasolina;6;280;3,6;AUTOS DE LUJO;VW
A8;2013;TIPTRONIC;Gasolina;6;290;3;AUTOS DE LUJO;AUDI
CAYMAN;2015;MAN;Gasolina;6;325;3,4;AUTOS DE LUJO;PORSCHE
CAYMAN;2016;MAN;Gasolina;6;325;3,4;AUTOS DE LUJO;PORSCHE
CAYMAN;2017;MAN;Gasolina;6;325;3,4;AUTOS DE LUJO;PORSCHE
MACAN;2015;PDK;Gasolina;6;400;3,6;AUTOS DE LUJO;PORSCHE
MACAN;2016;PDK;Gasolina;6;400;3,6;AUTOS DE LUJO;PORSCHE
PASSAT;2016;TIPT;Gasolina;6;280;3,6;AUTOS DE LUJO;VW
MACAN;2017;PDK;Gasolina;6;400;3,6;AUTOS DE LUJO;PORSCHE
PASSAT;2017;TIPT;Gasolina;6;280;3,6;AUTOS DE LUJO;VW
S6;2016;STRONIC;Gasolina;8;450;4;AUTOS DE LUJO;AUDI
S7;2016;STRONIC;Gasolina;8;450;4;AUTOS DE LUJO;AUDI
CAYMAN;2016;MAN;Gasolina;6;385;3,8;AUTOS DE LUJO;PORSCHE
S6;2017;STRONIC;Gasolina;8;450;4;AUTOS DE LUJO;AUDI
S7;2017;STRONIC;Gasolina;8;450;4;AUTOS DE LUJO;AUDI
CAYMAN;2017;MAN;Gasolina;6;385;3,8;AUTOS DE LUJO;PORSCHE
A8;2015;TIPTRONIC;Gasolina;8;435;4;AUTOS DE LUJO;AUDI
A8;2015;TIPTRONIC;Gasolina;8;435;4;AUTOS DE LUJO;AUDI
A8;2016;TIPTRONIC;Gasolina;8;435;4;AUTOS DE LUJO;AUDI
A8;2016;TIPTRONIC;Gasolina;8;435;4;AUTOS DE LUJO;AUDI
MACAN;2016;PDK;Gasolina;6;360;3;AUTOS DE LUJO;PORSCHE
A8;2017;TIPT;Gasolina;8;435;4;AUTOS DE LUJO;AUDI
A8;2017;TIPT;Gasolina;8;435;4;AUTOS DE LUJO;AUDI
MACAN;2017;PDK;Gasolina;6;360;3;AUTOS DE LUJO;PORSCHE
CAYMAN;2014;PDK;Gasolina;6;275;2,7;AUTOS DE LUJO;PORSCHE
CORVETTE;2014;MAN;Gasolina;8;455;6,2;AUTOS DE LUJO;CHEVROLET
CORVETTE;2015;MAN;Gasolina;8;455;6,2;AUTOS DE LUJO;CHEVROLET
PANAMERA;2016;PDK;Gasolina;6;420;3;AUTOS DE LUJO;PORSCHE
PANAMERA;2016;PDK;Gasolina;6;420;3;AUTOS DE LUJO;PORSCHE
ACCORD;2011;AUT;Gasolina;6;271;3,5;AUTOS DE LUJO;HONDA
PANAMERA;2015;PDK;Gasolina;6;420;3;AUTOS DE LUJO;PORSCHE
PANAMERA;2015;PDK;Gasolina;6;420;3;AUTOS DE LUJO;PORSCHE
PANAMERA;2016;PDK;Gasolina;6;310;3,6;AUTOS DE LUJO;PORSCHE
PANAMERA;2016;PDK;Gasolina;6;310;3,6;AUTOS DE LUJO;PORSCHE
PANAMERA;2016;PDK;Gasolina;6;420;3;AUTOS DE LUJO;PORSCHE
PANAMERA;2017;PDK;Gasolina;6;420;3;AUTOS DE LUJO;PORSCHE
PANAMERA;2017;PDK;Gasolina;6;420;3;AUTOS DE LUJO;PORSCHE
CROSSTOUR;2012;AUT;Gasolina;6;271;3,5;AUTOS DE LUJO;HONDA
PANAMERA;2013;PDK;Gasolina;6;300;3,6;AUTOS DE LUJO;PORSCHE
PANAMERA;2013;PDK;Gasolina;6;300;3,6;AUTOS DE LUJO;PORSCHE
S8;2017;TIPT;Gasolina;8;605;4;AUTOS DE LUJO;AUDI
S8;2016;TIPT;Gasolina;8;605;4;AUTOS DE LUJO;AUDI
PANAMERA;2014;PDK;Gasolina;6;310;3,6;AUTOS DE LUJO;PORSCHE
PANAMERA;2015;PDK;Gasolina;6;310;3,6;AUTOS DE LUJO;PORSCHE
PANAMERA;2016;PDK;Gasolina;6;310;3,6;AUTOS DE LUJO;PORSCHE
PANAMERA;2017;PDK;Gasolina;6;310;3,6;AUTOS DE LUJO;PORSCHE
PANAMERA;2017;PDK;Gasolina;6;310;3,6;AUTOS DE LUJO;PORSCHE
S6;2013;STRONIC;Gasolina;8;420;4;AUTOS DE LUJO;AUDI
S7;2013;STRONIC;Gasolina;8;420;4;AUTOS DE LUJO;AUDI
A8;2013;TIPTRONIC;Gasolina;8;420;4;AUTOS DE LUJO;AUDI
A8;2013;TIPTRONIC;Gasolina;8;420;4;AUTOS DE LUJO;AUDI
RS7;2015;TIPTRONIC;Gasolina;8;560;4;AUTOS DE LUJO;AUDI
S6;2015;STRONIC;Gasolina;8;420;4;AUTOS DE LUJO;AUDI
S7;2015;STRONIC;Gasolina;8;420;4;AUTOS DE LUJO;AUDI
MACAN;2015;PDK;Gasolina;6;340;3;AUTOS DE LUJO;PORSCHE
MACAN;2016;PDK;Gasolina;6;340;3;AUTOS DE LUJO;PORSCHE
MACAN;2017;PDK;Gasolina;6;340;3;AUTOS DE LUJO;PORSCHE
A8;2014;TIPTRONIC;Gasolina;8;420;4;AUTOS DE LUJO;AUDI
A8;2014;TIPTRONIC;Gasolina;8;420;4;AUTOS DE LUJO;AUDI
CAYMAN;2014;PDK;Gasolina;6;325;3,4;AUTOS DE LUJO;PORSCHE
PANAMERA;2014;PDK;Gasolina;6;310;3,6;AUTOS DE LUJO;PORSCHE
RS7;2016;TIPT;Gasolina;8;560;4;AUTOS DE LUJO;AUDI
RS7;2017;TIPT;Gasolina;8;560;4;AUTOS DE LUJO;AUDI
PANAMERA;2016;PDK;Gasolina;8;440;4,8;AUTOS DE LUJO;PORSCHE
PANAMERA;2013;PDK;Gasolina;8;400;4,8;AUTOS DE LUJO;PORSCHE
PANAMERA;2013;PDK;Gasolina;8;400;4,8;AUTOS DE LUJO;PORSCHE
CAYMAN;2014;MAN;Gasolina;6;275;2,7;AUTOS DE LUJO;PORSCHE
PANAMERA;2014;PDK;Gasolina;6;420;3;AUTOS DE LUJO;PORSCHE
PANAMERA;2015;PDK;Gasolina;8;440;4,8;AUTOS DE LUJO;PORSCHE
PANAMERA;2016;PDK;Gasolina;8;440;4,8;AUTOS DE LUJO;PORSCHE
S8;2017;TIPT;Gasolina;8;520;4;AUTOS DE LUJO;AUDI
PANAMERA;2017;PDK;Gasolina;8;440;4,8;AUTOS DE LUJO;PORSCHE
CORVETTE;2014;AUT;Gasolina;8;455;6,2;AUTOS DE LUJO;CHEVROLET
CORVETTE;2015;AUT;Gasolina;8;455;6,2;AUTOS DE LUJO;CHEVROLET
CORVETTE;2015;AUT;Gasolina;8;455;6,2;AUTOS DE LUJO;CHEVROLET
S8;2016;TIPTRONIC;Gasolina;8;520;4;AUTOS DE LUJO;AUDI
PASSAT;2011;TIP;Gasolina;6;280;3,6;AUTOS DE LUJO;VW
PASSAT;2011;TIP;Gasolina;6;280;3,6;AUTOS DE LUJO;VW
PASSAT;2011;TIP;Gasolina;6;280;3,6;AUTOS DE LUJO;VW
PASSAT;2011;TIP;Gasolina;6;280;3,6;AUTOS DE LUJO;VW
PASSAT;2012;TIP;Gasolina;6;280;3,6;AUTOS DE LUJO;VW
PASSAT;2012;TIP;Gasolina;6;280;3,6;AUTOS DE LUJO;VW
PASSAT;2013;TIPTRONIC;Gasolina;6;280;3,6;AUTOS DE LUJO;VW
PASSAT;2014;TIPTRONIC;Gasolina;6;280;3,6;AUTOS DE LUJO;VW
RS7;2016;TIPT;Gasolina;8;605;4;AUTOS DE LUJO;AUDI
RS7;2017;TIPT;Gasolina;8;605;4;AUTOS DE LUJO;AUDI
PANAMERA;2014;PDK;Gasolina;6;420;3;AUTOS DE LUJO;PORSCHE
RS5;2013;STRONIC;Gasolina;8;450;4,2;AUTOS DE LUJO;AUDI
RS5;2015;STRONIC;Gasolina;8;450;4,2;AUTOS DE LUJO;AUDI
RS5;2016;STRONIC;Gasolina;8;450;4,2;AUTOS DE LUJO;AUDI
RS5;2017;STRONIC;Gasolina;8;450;4,2;AUTOS DE LUJO;AUDI
TTRS;2012;S TRONIC;Gasolina;5;340;2,5;AUTOS DE LUJO;AUDI
TTRS;2012;S TRONIC;Gasolina;5;340;2,5;AUTOS DE LUJO;AUDI
A6;2011;MULTITRONIC;Gasolina;6;220;2,8;AUTOS DE LUJO;AUDI
S8;2015;STRONIC;Gasolina;8;520;4;AUTOS DE LUJO;AUDI
S8;2016;TIPTRONIC;Gasolina;8;520;4;AUTOS DE LUJO;AUDI
R8;2016;STRONIC;Gasolina;10;610;5,2;AUTOS DE LUJO;AUDI
R8;2017;STRONIC;Gasolina;10;610;5,2;AUTOS DE LUJO;AUDI
S8;2017;TIPT;Gasolina;8;520;4;AUTOS DE LUJO;AUDI
S8;2013;TIPTRONIC;Gasolina;8;520;4;AUTOS DE LUJO;AUDI
CAYMAN;2014;MAN;Gasolina;6;325;3,4;AUTOS DE LUJO;PORSCHE
TTRS;2012;MAN;Gasolina;5;340;2,5;AUTOS DE LUJO;AUDI
TTRS;2012;MAN;Gasolina;5;340;2,5;AUTOS DE LUJO;AUDI
PANAMERA;2016;PDK;Gasolina;8;520;4,8;AUTOS DE LUJO;PORSCHE
R8;2016;STRONIC;Gasolina;10;540;5,2;AUTOS DE LUJO;AUDI
R8;2017;STRONIC;Gasolina;10;540;5,2;AUTOS DE LUJO;AUDI
CORVETTE;2013;AUT;Gasolina;8;430;6,2;AUTOS DE LUJO;CHEVROLET
PANAMERA;2015;PDK;Gasolina;8;520;4,8;AUTOS DE LUJO;PORSCHE
PANAMERA;2016;PDK;Gasolina;8;520;4,8;AUTOS DE LUJO;PORSCHE
PANAMERA;2017;PDK;Gasolina;8;520;4,8;AUTOS DE LUJO;PORSCHE
A5;2012;S TRONIC;Gasolina;6;265;3,2;AUTOS DE LUJO;AUDI
A8;2013;TIPTRONIC;Gasolina;12;500;6,3;AUTOS DE LUJO;AUDI
A8;2015;TIPTRONIC;Gasolina;12;500;6,3;AUTOS DE LUJO;AUDI
A8;2016;TIPTRONIC;Gasolina;12;500;6,3;AUTOS DE LUJO;AUDI
A8;2017;TIPT;Gasolina;12;500;6,3;AUTOS DE LUJO;AUDI
A8;2016;TIPT;Gasolina;12;500;6,3;AUTOS DE LUJO;AUDI
CAMARO;2014;AUT;Gasolina;8;400;6,2;AUTOS DE LUJO;CHEVROLET
CAMARO;2015;AUT;Gasolina;8;400;6,2;AUTOS DE LUJO;CHEVROLET
A8;2011;TIP 8;Gasolina;8;372;4,2;AUTOS DE LUJO;AUDI
A8;2011;TIP;Gasolina;8;372;4,2;AUTOS DE LUJO;AUDI
A8;2012;TIP;Gasolina;8;372;4,2;AUTOS DE LUJO;AUDI
A8;2012;TIP;Gasolina;8;372;4,2;AUTOS DE LUJO;AUDI
CAMARO;2012;AUT;Gasolina;8;400;6,2;AUTOS DE LUJO;CHEVROLET
CAMARO;2013;AUT;Gasolina;8;400;6,2;AUTOS DE LUJO;CHEVROLET
CAMARO;2015;AUT;Gasolina;8;580;6,2;AUTOS DE LUJO;CHEVROLET
CROSSTOUR;2013;AUT;Gasolina;6;278;3,5;AUTOS DE LUJO;HONDA
CROSSTOUR;2015;AUT;Gasolina;6;278;3,5;AUTOS DE LUJO;HONDA
ACCORD;2015;AUT;Gasolina;6;278;3,5;AUTOS DE LUJO;HONDA
ACCORD;2015;AUT;Gasolina;6;278;3,5;AUTOS DE LUJO;HONDA
R8;2011;MAN;Gasolina;8;420;4,2;AUTOS DE LUJO;AUDI
R8;2011;R TRONIC;Gasolina;8;420;4,2;AUTOS DE LUJO;AUDI
R8;2012;MAN;Gasolina;8;420;4,2;AUTOS DE LUJO;AUDI
R8;2012;R TRONIC;Gasolina;8;420;4,2;AUTOS DE LUJO;AUDI
R8;2015;STRONIC;Gasolina;8;430;4,2;AUTOS DE LUJO;AUDI
R8;2017;STRONIC;Gasolina;8;430;4,2;AUTOS DE LUJO;AUDI
PANAMERA;2014;PDK;Gasolina;8;520;4,8;AUTOS DE LUJO;PORSCHE
R8;2016;MAN;Gasolina;10;525;5,2;AUTOS DE LUJO;AUDI
R8;2016;S TRONIC;Gasolina;10;525;5,2;AUTOS DE LUJO;AUDI
R8;2016;S TRONIC;Gasolina;10;550;5,2;AUTOS DE LUJO;AUDI
R8;2015;STRONIC;Gasolina;10;525;5,2;AUTOS DE LUJO;AUDI
R8;2015;STRONIC;Gasolina;10;550;5,2;AUTOS DE LUJO;AUDI
R8;2015;MAN;Gasolina;10;525;5,2;AUTOS DE LUJO;AUDI
R8;2017;MAN;Gasolina;10;525;5,2;AUTOS DE LUJO;AUDI
R8;2017;STRONIC;Gasolina;10;525;5,2;AUTOS DE LUJO;AUDI
R8;2017;STRONIC;Gasolina;10;550;5,2;AUTOS DE LUJO;AUDI
PANAMERA;2014;PDK;Gasolina;8;440;4,8;AUTOS DE LUJO;PORSCHE
R8;2015;MAN;Gasolina;10;550;5,2;AUTOS DE LUJO;AUDI
R8;2016;MAN;Gasolina;8;430;4,2;AUTOS DE LUJO;AUDI
R8;2016;MAN;Gasolina;10;550;5,2;AUTOS DE LUJO;AUDI
R8;2017;MAN;Gasolina;8;430;4,2;AUTOS DE LUJO;AUDI
R8;2017;MAN;Gasolina;10;550;5,2;AUTOS DE LUJO;AUDI
PANAMERA;2011;PDK;Gasolina;6;300;3,6;AUTOS DE LUJO;PORSCHE
PANAMERA;2011;PDK;Gasolina;6;300;3,6;AUTOS DE LUJO;PORSCHE
PANAMERA;2012;PDK;Gasolina;6;300;3,6;AUTOS DE LUJO;PORSCHE
PANAMERA;2012;PDK;Gasolina;6;300;3,6;AUTOS DE LUJO;PORSCHE
CR-Z;2013;CVT;Gasolina;4;117;1,5;AUTOS DEPORTIVOS;HONDA
CR-Z;2015;CVT;Gasolina;4;117;1,5;AUTOS DEPORTIVOS;HONDA
BOXSTER;2017;PDK;Gasolina;6;300;2;AUTOS DEPORTIVOS;PORSCHE
BOXSTER;2016;PDK;Gasolina;6;300;2;AUTOS DEPORTIVOS;PORSCHE
GOLF;2013;DSG;Gasolina;4;211;2;AUTOS DEPORTIVOS;VW
TRAX;2018;AUT;Gasolina;4;140;1,8;AUTOS DEPORTIVOS;CHEVROLET
TRAX;2018;MAN;Gasolina;4;140;1,8;AUTOS DEPORTIVOS;CHEVROLET
TRAX;2018;AUT;Gasolina;4;140;1,8;AUTOS DEPORTIVOS;CHEVROLET
918;2017;PDK;Gasolina;8;887;4,6;AUTOS DEPORTIVOS;PORSCHE
918;2016;PDK;Gasolina;8;888;4,6;AUTOS DEPORTIVOS;PORSCHE
BOXSTER;2013;PDK;Gasolina;6;265;2,7;AUTOS DEPORTIVOS;PORSCHE
A5;2013;MULTITRONIC;Gasolina;4;211;2;AUTOS DEPORTIVOS;AUDI
A5;2013;STRONIC;Gasolina;4;211;2;AUTOS DEPORTIVOS;AUDI
BOXSTER;2016;PDK;Gasolina;6;265;2,7;AUTOS DEPORTIVOS;PORSCHE
BOXSTER;2015;PDK;Gasolina;6;265;2,7;AUTOS DEPORTIVOS;PORSCHE
BOXSTER;2017;PDK;Gasolina;6;265;2,7;AUTOS DEPORTIVOS;PORSCHE
BOXSTER;2017;MAN;Gasolina;6;330;3,4;AUTOS DEPORTIVOS;PORSCHE
BOXSTER;2016;MAN;Gasolina;6;330;3,4;AUTOS DEPORTIVOS;PORSCHE
GOLF;2012;MAN;Gasolina;4;211;2;AUTOS DEPORTIVOS;VW
GOLF;2013;MAN;Gasolina;4;211;2;AUTOS DEPORTIVOS;VW
BOXSTER;2016;MAN;Gasolina;6;265;2,7;AUTOS DEPORTIVOS;PORSCHE
BOXSTER;2013;MAN;Gasolina;6;265;2,7;AUTOS DEPORTIVOS;PORSCHE
BOXSTER;2015;MAN;Gasolina;6;265;2,7;AUTOS DEPORTIVOS;PORSCHE
BOXSTER;2017;MAN;Gasolina;6;265;2,7;AUTOS DEPORTIVOS;PORSCHE
CAMARO;2016;MAN;Gasolina;4;272;2;AUTOS DEPORTIVOS;CHEVROLET
GOLF;2013;DSG;Gasolina;4;235;2;AUTOS DEPORTIVOS;VW
911;2017;PDK;Gasolina;6;370;3;AUTOS DEPORTIVOS;PORSCHE
911;2017;PDK;Gasolina;6;370;3;AUTOS DEPORTIVOS;PORSCHE
911;2017;PDK;Gasolina;6;370;3;AUTOS DEPORTIVOS;PORSCHE
911;2017;PDK;Gasolina;6;370;3;AUTOS DEPORTIVOS;PORSCHE
BOXSTER;2017;PDK;Gasolina;6;330;3,4;AUTOS DEPORTIVOS;PORSCHE
911;2016;PDK;Gasolina;6;370;3;AUTOS DEPORTIVOS;PORSCHE
911;2016;PDK;Gasolina;6;370;3;AUTOS DEPORTIVOS;PORSCHE
911;2016;PDK;Gasolina;6;370;3;AUTOS DEPORTIVOS;PORSCHE
911;2016;PDK;Gasolina;6;370;3;AUTOS DEPORTIVOS;PORSCHE
BOXSTER;2016;PDK;Gasolina;6;330;3,4;AUTOS DEPORTIVOS;PORSCHE
A5;2011;S TRONIC;Gasolina;4;211;2;AUTOS DEPORTIVOS;AUDI
A5;2012;S TRONIC;Gasolina;4;211;2;AUTOS DEPORTIVOS;AUDI
A5;2012;MULTITRONIC;Gasolina;4;211;2;AUTOS DEPORTIVOS;AUDI
BOXSTER;2017;MAN;Gasolina;6;300;2;AUTOS DEPORTIVOS;PORSCHE
BOXSTER;2016;MAN;Gasolina;6;300;2;AUTOS DEPORTIVOS;PORSCHE
BOXSTER;2016;PDK;Gasolina;6;315;3,4;AUTOS DEPORTIVOS;PORSCHE
BOXSTER;2013;PDK;Gasolina;6;315;3,4;AUTOS DEPORTIVOS;PORSCHE
BOXSTER;2015;PDK;Gasolina;6;315;3,4;AUTOS DEPORTIVOS;PORSCHE
BOXSTER;2017;PDK;Gasolina;6;315;3,4;AUTOS DEPORTIVOS;PORSCHE
BOXSTER;2016;PDK;Gasolina;6;315;3,4;AUTOS DEPORTIVOS;PORSCHE
BOXSTER;2011;MAN;Gasolina;6;265;2,9;AUTOS DEPORTIVOS;PORSCHE
BOXSTER;2011;PDK;Gasolina;6;265;2,9;AUTOS DEPORTIVOS;PORSCHE
BOXSTER;2012;MAN;Gasolina;6;255;2,9;AUTOS DEPORTIVOS;PORSCHE
BOXSTER;2012;PDK;Gasolina;6;255;2,9;AUTOS DEPORTIVOS;PORSCHE
CAMARO;2017;MAN;Gasolina;4;272;2;AUTOS DEPORTIVOS;CHEVROLET
911;2017;PDK;Gasolina;6;420;3;AUTOS DEPORTIVOS;PORSCHE
911;2017;PDK;Gasolina;6;420;3;AUTOS DEPORTIVOS;PORSCHE
911;2017;PDK;Gasolina;6;420;3;AUTOS DEPORTIVOS;PORSCHE
911;2017;PDK;Gasolina;6;420;3;AUTOS DEPORTIVOS;PORSCHE
911;2017;PDK;Gasolina;6;420;3;AUTOS DEPORTIVOS;PORSCHE
911;2016;PDK;Gasolina;6;420;3;AUTOS DEPORTIVOS;PORSCHE
911;2016;PDK;Gasolina;6;420;3;AUTOS DEPORTIVOS;PORSCHE
911;2016;PDK;Gasolina;6;420;3;AUTOS DEPORTIVOS;PORSCHE
911;2016;PDK;Gasolina;6;420;3;AUTOS DEPORTIVOS;PORSCHE
911;2016;PDK;Gasolina;6;420;3;AUTOS DEPORTIVOS;PORSCHE
CAMARO;2018;MAN;Gasolina;4;272;2;AUTOS DEPORTIVOS;CHEVROLET
BOXSTER;2011;MAN;Gasolina;6;310;3,4;AUTOS DEPORTIVOS;PORSCHE
BOXSTER;2011;MAN;Gasolina;6;320;3,4;AUTOS DEPORTIVOS;PORSCHE
BOXSTER;2011;PDK;Gasolina;6;310;3,4;AUTOS DEPORTIVOS;PORSCHE
BOXSTER;2011;PDK;Gasolina;6;320;3,4;AUTOS DEPORTIVOS;PORSCHE
BOXSTER;2012;MAN;Gasolina;6;310;3,4;AUTOS DEPORTIVOS;PORSCHE
BOXSTER;2012;PDK;Gasolina;6;310;3,4;AUTOS DEPORTIVOS;PORSCHE
BOXSTER;2012;MAN;Gasolina;6;320;3,4;AUTOS DEPORTIVOS;PORSCHE
BOXSTER;2012;PDK;Gasolina;6;320;3,4;AUTOS DEPORTIVOS;PORSCHE
GOLF;2013;MAN;Gasolina;4;235;2;AUTOS DEPORTIVOS;VW
CAMARO;2017;AUT;Gasolina;6;335;3,6;AUTOS DEPORTIVOS;CHEVROLET
911;2015;PDK;Gasolina;6;400;3,8;AUTOS DEPORTIVOS;PORSCHE
911;2015;PDK;Gasolina;6;400;3,8;AUTOS DEPORTIVOS;PORSCHE
911;2015;PDK;Gasolina;6;400;3,8;AUTOS DEPORTIVOS;PORSCHE
911;2017;PDK;Gasolina;6;400;3,8;AUTOS DEPORTIVOS;PORSCHE
911;2017;PDK;Gasolina;6;400;3,8;AUTOS DEPORTIVOS;PORSCHE
911;2017;PDK;Gasolina;6;400;3,8;AUTOS DEPORTIVOS;PORSCHE
911;2016;PDK;Gasolina;6;400;3,8;AUTOS DEPORTIVOS;PORSCHE
911;2016;PDK;Gasolina;6;400;3,8;AUTOS DEPORTIVOS;PORSCHE
CAMARO;2018;AUT;Gasolina;6;335;3,6;AUTOS DEPORTIVOS;CHEVROLET
CAMARO;2018;AUT;Gasolina;6;335;3,6;AUTOS DEPORTIVOS;CHEVROLET
911;2016;PDK;Gasolina;6;400;3,8;AUTOS DEPORTIVOS;PORSCHE
CAMARO;2011;AUT;Gasolina;6;312;3,6;AUTOS DEPORTIVOS;CHEVROLET
CAMARO;2012;AUT;Gasolina;6;312;3,6;AUTOS DEPORTIVOS;CHEVROLET
CAMARO;2013;AUT;Gasolina;6;312;3,6;AUTOS DEPORTIVOS;CHEVROLET
911;2013;MAN;Gasolina;6;350;3,4;AUTOS DEPORTIVOS;PORSCHE
911;2013;MAN;Gasolina;6;350;3,4;AUTOS DEPORTIVOS;PORSCHE
911;2013;PDK;Gasolina;6;350;3,4;AUTOS DEPORTIVOS;PORSCHE
911;2013;PDK;Gasolina;6;350;3,4;AUTOS DEPORTIVOS;PORSCHE
911;2013;MAN;Gasolina;6;408;3,4;AUTOS DEPORTIVOS;PORSCHE
911;2013;MAN;Gasolina;6;408;3,4;AUTOS DEPORTIVOS;PORSCHE
911;2013;PDK;Gasolina;6;408;3,4;AUTOS DEPORTIVOS;PORSCHE
911;2013;PDK;Gasolina;6;408;3,4;AUTOS DEPORTIVOS;PORSCHE
911;2016;PDK;Gasolina;6;350;3,4;AUTOS DEPORTIVOS;PORSCHE
911;2016;MAN;Gasolina;6;350;3,4;AUTOS DEPORTIVOS;PORSCHE
911;2016;PDK;Gasolina;6;350;3,4;AUTOS DEPORTIVOS;PORSCHE
GOLF;2012;DSG;Gasolina;4;211;2;AUTOS DEPORTIVOS;VW
911;2017;PDK;Gasolina;6;430;3,8;AUTOS DEPORTIVOS;PORSCHE
911;2017;PDK;Gasolina;6;430;3,8;AUTOS DEPORTIVOS;PORSCHE
911;2017;PDK;Gasolina;6;430;3,8;AUTOS DEPORTIVOS;PORSCHE
911;2017;PDK;Gasolina;6;430;3,8;AUTOS DEPORTIVOS;PORSCHE
911;2017;PDK;Gasolina;6;430;3,8;AUTOS DEPORTIVOS;PORSCHE
BOXSTER;2017;PDK;Gasolina;6;350;2,5;AUTOS DEPORTIVOS;PORSCHE
911;2016;PDK;Gasolina;6;430;3,8;AUTOS DEPORTIVOS;PORSCHE
911;2016;PDK;Gasolina;6;430;3,8;AUTOS DEPORTIVOS;PORSCHE
911;2016;PDK;Gasolina;6;430;3,8;AUTOS DEPORTIVOS;PORSCHE
911;2016;PDK;Gasolina;6;430;3,8;AUTOS DEPORTIVOS;PORSCHE
911;2016;PDK;Gasolina;6;430;3,8;AUTOS DEPORTIVOS;PORSCHE
BOXSTER;2016;PDK;Gasolina;6;350;2,5;AUTOS DEPORTIVOS;PORSCHE
BOXSTER;2013;MAN;Gasolina;6;315;3,4;AUTOS DEPORTIVOS;PORSCHE
911;2015;MAN;Gasolina;6;350;3,4;AUTOS DEPORTIVOS;PORSCHE
911;2015;MAN;Gasolina;6;350;3,4;AUTOS DEPORTIVOS;PORSCHE
911;2015;PDK;Gasolina;6;350;3,4;AUTOS DEPORTIVOS;PORSCHE
911;2015;PDK;Gasolina;6;350;3,4;AUTOS DEPORTIVOS;PORSCHE
911;2015;PDK;Gasolina;6;350;3,4;AUTOS DEPORTIVOS;PORSCHE
911;2017;MAN;Gasolina;6;350;3,4;AUTOS DEPORTIVOS;PORSCHE
911;2017;MAN;Gasolina;6;350;3,4;AUTOS DEPORTIVOS;PORSCHE
911;2017;PDK;Gasolina;6;350;3,4;AUTOS DEPORTIVOS;PORSCHE
911;2017;PDK;Gasolina;6;350;3,4;AUTOS DEPORTIVOS;PORSCHE
911;2017;PDK;Gasolina;6;350;3,4;AUTOS DEPORTIVOS;PORSCHE
911;2017;PDK;Gasolina;6;350;3,4;AUTOS DEPORTIVOS;PORSCHE
911;2017;MAN;Gasolina;6;350;3,4;AUTOS DEPORTIVOS;PORSCHE
911;2017;MAN;Gasolina;6;350;3,4;AUTOS DEPORTIVOS;PORSCHE
911;2017;PDK;Gasolina;6;350;3,4;AUTOS DEPORTIVOS;PORSCHE
911;2017;PDK;Gasolina;6;350;3,4;AUTOS DEPORTIVOS;PORSCHE
911;2017;PDK;Gasolina;6;370;3;AUTOS DEPORTIVOS;PORSCHE
911;2017;PDK;Gasolina;6;350;3,4;AUTOS DEPORTIVOS;PORSCHE
BOXSTER;2017;MAN;Gasolina;6;350;2,5;AUTOS DEPORTIVOS;PORSCHE
BOXSTER;2016;MAN;Gasolina;6;315;3,4;AUTOS DEPORTIVOS;PORSCHE
911;2016;MAN;Gasolina;6;350;3,4;AUTOS DEPORTIVOS;PORSCHE
911;2016;MAN;Gasolina;6;350;3,4;AUTOS DEPORTIVOS;PORSCHE
911;2016;PDK;Gasolina;6;350;3,4;AUTOS DEPORTIVOS;PORSCHE
911;2016;PDK;Gasolina;6;350;3,4;AUTOS DEPORTIVOS;PORSCHE
911;2016;PDK;Gasolina;6;350;3,4;AUTOS DEPORTIVOS;PORSCHE
911;2016;PDK;Gasolina;6;370;3;AUTOS DEPORTIVOS;PORSCHE
BOXSTER;2016;MAN;Gasolina;6;350;2,5;AUTOS DEPORTIVOS;PORSCHE
BOXSTER;2015;MAN;Gasolina;6;315;3,4;AUTOS DEPORTIVOS;PORSCHE
BOXSTER;2017;MAN;Gasolina;6;315;3,4;AUTOS DEPORTIVOS;PORSCHE
BOXSTER;2016;MAN;Gasolina;6;315;3,4;AUTOS DEPORTIVOS;PORSCHE
BOXSTER;2017;MAN;Gasolina;6;375;3,8;AUTOS DEPORTIVOS;PORSCHE
BOXSTER;2016;MAN;Gasolina;6;375;3,8;AUTOS DEPORTIVOS;PORSCHE
911;2017;PDK;Gasolina;6;540;3,8;AUTOS DEPORTIVOS;PORSCHE
911;2017;PDK;Gasolina;6;540;3,8;AUTOS DEPORTIVOS;PORSCHE
911;2016;PDK;Gasolina;6;540;3,8;AUTOS DEPORTIVOS;PORSCHE
911;2016;PDK;Gasolina;6;540;3,8;AUTOS DEPORTIVOS;PORSCHE
911;2015;PDK;Gasolina;6;520;3,8;AUTOS DEPORTIVOS;PORSCHE
911;2015;PDK;Gasolina;6;560;3,8;AUTOS DEPORTIVOS;PORSCHE
911;2017;PDK;Gasolina;6;520;3,8;AUTOS DEPORTIVOS;PORSCHE
911;2017;MAN;Gasolina;6;370;3;AUTOS DEPORTIVOS;PORSCHE
911;2017;MAN;Gasolina;6;370;3;AUTOS DEPORTIVOS;PORSCHE
911;2017;PDK;Gasolina;6;560;3,8;AUTOS DEPORTIVOS;PORSCHE
911;2017;MAN;Gasolina;6;370;3;AUTOS DEPORTIVOS;PORSCHE
911;2017;MAN;Gasolina;6;370;3;AUTOS DEPORTIVOS;PORSCHE
911;2017;PDK;Gasolina;6;560;3,8;AUTOS DEPORTIVOS;PORSCHE
911;2016;PDK;Gasolina;6;520;3,8;AUTOS DEPORTIVOS;PORSCHE
911;2016;PDK;Gasolina;6;560;3,8;AUTOS DEPORTIVOS;PORSCHE
911;2016;MAN;Gasolina;6;370;3;AUTOS DEPORTIVOS;PORSCHE
911;2016;MAN;Gasolina;6;370;3;AUTOS DEPORTIVOS;PORSCHE
911;2016;MAN;Gasolina;6;370;3;AUTOS DEPORTIVOS;PORSCHE
911;2016;MAN;Gasolina;6;370;3;AUTOS DEPORTIVOS;PORSCHE
911;2016;PDK;Gasolina;6;560;3,8;AUTOS DEPORTIVOS;PORSCHE
BOXSTER;2014;PDK;Gasolina;6;265;2,7;AUTOS DEPORTIVOS;PORSCHE
CORVETTE;2014;MAN;Gasolina;8;455;6,2;AUTOS DEPORTIVOS;CHEVROLET
CORVETTE;2015;MAN;Gasolina;8;455;6,2;AUTOS DEPORTIVOS;CHEVROLET
CORVETTE;2015;MAN;Gasolina;8;455;6,2;AUTOS DEPORTIVOS;CHEVROLET
911;2016;MAN;Gasolina;6;400;3,8;AUTOS DEPORTIVOS;PORSCHE
911;2016;MAN;Gasolina;6;400;3,8;AUTOS DEPORTIVOS;PORSCHE
911;2016;MAN;Gasolina;6;400;3,8;AUTOS DEPORTIVOS;PORSCHE
911;2011;MAN;Gasolina;6;385;3,8;AUTOS DEPORTIVOS;PORSCHE
911;2011;MAN;Gasolina;6;385;3,8;AUTOS DEPORTIVOS;PORSCHE
911;2011;PDK;Gasolina;6;385;3,8;AUTOS DEPORTIVOS;PORSCHE
911;2011;PDK;Gasolina;6;385;3,8;AUTOS DEPORTIVOS;PORSCHE
911;2011;MAN;Gasolina;6;385;3,8;AUTOS DEPORTIVOS;PORSCHE
911;2011;MAN;Gasolina;6;385;3,8;AUTOS DEPORTIVOS;PORSCHE
911;2011;PDK;Gasolina;6;385;3,8;AUTOS DEPORTIVOS;PORSCHE
911;2011;PDK;Gasolina;6;385;3,8;AUTOS DEPORTIVOS;PORSCHE
911;2012;MAN;Gasolina;6;400;3,8;AUTOS DEPORTIVOS;PORSCHE
911;2012;PDK;Gasolina;6;400;3,8;AUTOS DEPORTIVOS;PORSCHE
911;2012;MAN;Gasolina;6;400;3,8;AUTOS DEPORTIVOS;PORSCHE
911;2012;PDK;Gasolina;6;400;3,8;AUTOS DEPORTIVOS;PORSCHE
911;2012;MAN;Gasolina;6;408;3,8;AUTOS DEPORTIVOS;PORSCHE
911;2012;PDK;Gasolina;6;408;3,8;AUTOS DEPORTIVOS;PORSCHE
911;2012;MAN;Gasolina;6;408;3,8;AUTOS DEPORTIVOS;PORSCHE
911;2012;PDK;Gasolina;6;408;3,8;AUTOS DEPORTIVOS;PORSCHE
GOLF;2012;MAN;Gasolina;4;235;2;AUTOS DEPORTIVOS;VW
911;2017;MAN;Gasolina;6;420;3;AUTOS DEPORTIVOS;PORSCHE
911;2017;MAN;Gasolina;6;420;3;AUTOS DEPORTIVOS;PORSCHE
911;2017;PDK;Gasolina;6;580;3,8;AUTOS DEPORTIVOS;PORSCHE
911;2017;MAN;Gasolina;6;420;3;AUTOS DEPORTIVOS;PORSCHE
911;2017;MAN;Gasolina;6;420;3;AUTOS DEPORTIVOS;PORSCHE
911;2017;MAN;Gasolina;6;420;3;AUTOS DEPORTIVOS;PORSCHE
911;2017;PDK;Gasolina;6;580;3,8;AUTOS DEPORTIVOS;PORSCHE
911;2016;MAN;Gasolina;6;350;3,4;AUTOS DEPORTIVOS;PORSCHE
911;2016;MAN;Gasolina;6;420;3;AUTOS DEPORTIVOS;PORSCHE
911;2016;MAN;Gasolina;6;420;3;AUTOS DEPORTIVOS;PORSCHE
911;2016;PDK;Gasolina;6;580;3,8;AUTOS DEPORTIVOS;PORSCHE
911;2016;MAN;Gasolina;6;420;3;AUTOS DEPORTIVOS;PORSCHE
911;2016;MAN;Gasolina;6;420;3;AUTOS DEPORTIVOS;PORSCHE
911;2016;MAN;Gasolina;6;420;3;AUTOS DEPORTIVOS;PORSCHE
911;2016;PDK;Gasolina;6;580;3,8;AUTOS DEPORTIVOS;PORSCHE
CAMARO;2014;MAN;Gasolina;6;312;3,6;AUTOS DEPORTIVOS;CHEVROLET
CAMARO;2015;AUT;Gasolina;6;323;3,6;AUTOS DEPORTIVOS;CHEVROLET
911;2015;MAN;Gasolina;6;400;3,8;AUTOS DEPORTIVOS;PORSCHE
911;2015;MAN;Gasolina;6;400;3,8;AUTOS DEPORTIVOS;PORSCHE
911;2015;MAN;Gasolina;6;350;3,4;AUTOS DEPORTIVOS;PORSCHE
911;2015;MAN;Gasolina;6;400;3,8;AUTOS DEPORTIVOS;PORSCHE
911;2017;MAN;Gasolina;6;350;3,4;AUTOS DEPORTIVOS;PORSCHE
911;2017;MAN;Gasolina;6;430;3,8;AUTOS DEPORTIVOS;PORSCHE
911;2017;MAN;Gasolina;6;350;3,4;AUTOS DEPORTIVOS;PORSCHE
911;2017;MAN;Gasolina;6;400;3,8;AUTOS DEPORTIVOS;PORSCHE
911;2017;MAN;Gasolina;6;430;3,8;AUTOS DEPORTIVOS;PORSCHE
911;2017;MAN;Gasolina;6;400;3,8;AUTOS DEPORTIVOS;PORSCHE
911;2017;MAN;Gasolina;6;430;3,8;AUTOS DEPORTIVOS;PORSCHE
911;2017;MAN;Gasolina;6;430;3,8;AUTOS DEPORTIVOS;PORSCHE
911;2017;MAN;Gasolina;6;350;3,4;AUTOS DEPORTIVOS;PORSCHE
911;2017;MAN;Gasolina;6;400;3,8;AUTOS DEPORTIVOS;PORSCHE
911;2017;MAN;Gasolina;6;430;3,8;AUTOS DEPORTIVOS;PORSCHE
911;2016;MAN;Gasolina;6;350;3,4;AUTOS DEPORTIVOS;PORSCHE
911;2016;MAN;Gasolina;6;430;3,8;AUTOS DEPORTIVOS;PORSCHE
911;2016;MAN;Gasolina;6;430;3,8;AUTOS DEPORTIVOS;PORSCHE
911;2016;MAN;Gasolina;6;430;3,8;AUTOS DEPORTIVOS;PORSCHE
911;2016;MAN;Gasolina;6;430;3,8;AUTOS DEPORTIVOS;PORSCHE
911;2016;MAN;Gasolina;6;430;3,8;AUTOS DEPORTIVOS;PORSCHE
911;2014;PDK;Gasolina;6;350;3,4;AUTOS DEPORTIVOS;PORSCHE
BOXSTER;2014;PDK;Gasolina;6;315;3,4;AUTOS DEPORTIVOS;PORSCHE
CAMARO;2016;AUT;Gasolina;8;455;6,2;AUTOS DEPORTIVOS;CHEVROLET
CAMARO;2017;AUT;Gasolina;8;455;6,2;AUTOS DEPORTIVOS;CHEVROLET
CAMARO;2018;AUT;Gasolina;8;455;6,2;AUTOS DEPORTIVOS;CHEVROLET
911;2014;PDK;Gasolina;6;350;3,4;AUTOS DEPORTIVOS;PORSCHE
911;2017;MAN;Gasolina;6;370;3;AUTOS DEPORTIVOS;PORSCHE
911;2016;MAN;Gasolina;6;370;3;AUTOS DEPORTIVOS;PORSCHE
CAMARO;2014;MAN;Gasolina;8;400;6,2;AUTOS DEPORTIVOS;CHEVROLET
BOXSTER;2014;MAN;Gasolina;6;265;2,7;AUTOS DEPORTIVOS;PORSCHE
CAMARO;2011;AUT;Gasolina;8;400;6,2;AUTOS DEPORTIVOS;CHEVROLET
CAMARO;2011;M6;Gasolina;8;426;6,2;AUTOS DEPORTIVOS;CHEVROLET
CAMARO;2012;MAN;Gasolina;8;426;6,2;AUTOS DEPORTIVOS;CHEVROLET
CAMARO;2012;AUT;Gasolina;8;400;6,2;AUTOS DEPORTIVOS;CHEVROLET
CAMARO;2013;AUT;Gasolina;8;400;6,2;AUTOS DEPORTIVOS;CHEVROLET
CAMARO;2013;MAN;Gasolina;8;426;6,2;AUTOS DEPORTIVOS;CHEVROLET
GOLF;2012;DSG;Gasolina;4;235;2;AUTOS DEPORTIVOS;VW
911;2017;PDK;Gasolina;6;500;4;AUTOS DEPORTIVOS;PORSCHE
911;2016;PDK;Gasolina;6;500;4;AUTOS DEPORTIVOS;PORSCHE
CAMARO;2015;MAN;Gasolina;8;426;6,2;AUTOS DEPORTIVOS;CHEVROLET
CAMARO;2014;AUT;Gasolina;8;426;6,2;AUTOS DEPORTIVOS;CHEVROLET
CORVETTE;2014;AUT;Gasolina;8;455;6,2;AUTOS DEPORTIVOS;CHEVROLET
CORVETTE;2015;AUT;Gasolina;8;455;6,2;AUTOS DEPORTIVOS;CHEVROLET
911;2014;PDK;Gasolina;6;400;3,8;AUTOS DEPORTIVOS;PORSCHE
911;2014;PDK;Gasolina;6;400;3,8;AUTOS DEPORTIVOS;PORSCHE
911;2014;PDK;Gasolina;6;400;3,8;AUTOS DEPORTIVOS;PORSCHE
911;2014;MAN;Gasolina;6;350;3,4;AUTOS DEPORTIVOS;PORSCHE
CORVETTE;2011;AUT;Gasolina;8;430;6,2;AUTOS DEPORTIVOS;CHEVROLET
CORVETTE;2012;AUT;Gasolina;8;430;6,2;AUTOS DEPORTIVOS;CHEVROLET
CORVETTE;2013;AUT;Gasolina;8;430;6,2;AUTOS DEPORTIVOS;CHEVROLET
911;2014;PDK;Gasolina;6;400;3,8;AUTOS DEPORTIVOS;PORSCHE
911;2013;MAN;Gasolina;6;400;3,8;AUTOS DEPORTIVOS;PORSCHE
911;2013;MAN;Gasolina;6;400;3,8;AUTOS DEPORTIVOS;PORSCHE
911;2013;MAN;Gasolina;6;408;3,8;AUTOS DEPORTIVOS;PORSCHE
911;2013;MAN;Gasolina;6;408;3,8;AUTOS DEPORTIVOS;PORSCHE
911;2014;MAN;Gasolina;6;350;3,4;AUTOS DEPORTIVOS;PORSCHE
BOXSTER;2014;MAN;Gasolina;6;315;3,4;AUTOS DEPORTIVOS;PORSCHE
911;2015;PDK;Gasolina;6;475;3,8;AUTOS DEPORTIVOS;PORSCHE
911;2017;PDK;Gasolina;6;475;3,8;AUTOS DEPORTIVOS;PORSCHE
911;2016;PDK;Gasolina;6;475;3,8;AUTOS DEPORTIVOS;PORSCHE
CORVETTE;2016;AUT;Gasolina;8;455;6,2;AUTOS DEPORTIVOS;CHEVROLET
A5;2011;S TRONIC;Gasolina;4;265;3,2;AUTOS DEPORTIVOS;AUDI
A5;2012;S TRONIC;Gasolina;6;265;3,2;AUTOS DEPORTIVOS;AUDI
911;2014;PDK;Gasolina;6;520;3,8;AUTOS DEPORTIVOS;PORSCHE
911;2014;PDK;Gasolina;6;560;3,8;AUTOS DEPORTIVOS;PORSCHE
CAMARO;2015;AUT;Gasolina;8;400;6,2;AUTOS DEPORTIVOS;CHEVROLET
CORVETTE;2017;AUT;Gasolina;8;455;6,2;AUTOS DEPORTIVOS;CHEVROLET
CORVETTE;2018;AUT;Gasolina;8;455;6,2;AUTOS DEPORTIVOS;CHEVROLET
911;2014;MAN;Gasolina;6;400;3,8;AUTOS DEPORTIVOS;PORSCHE
CAMARO;2013;MAN;Gasolina;8;580;6,2;AUTOS DEPORTIVOS;CHEVROLET
CAMARO;2014;MAN;Gasolina;8;580;6,2;AUTOS DEPORTIVOS;CHEVROLET
CAMARO;2014;AUT;Gasolina;8;580;6,2;AUTOS DEPORTIVOS;CHEVROLET
CAMARO;2015;MAN;Gasolina;8;580;6,2;AUTOS DEPORTIVOS;CHEVROLET
CAMARO;2015;AUT;Gasolina;8;580;6,2;AUTOS DEPORTIVOS;CHEVROLET
CORVETTE;2013;MAN;Gasolina;8;638;6,2;AUTOS DEPORTIVOS;CHEVROLET
911;2014;MAN;Gasolina;6;400;3,8;AUTOS DEPORTIVOS;PORSCHE
911;2012;MAN;Gasolina;6;500;4;AUTOS DEPORTIVOS;PORSCHE
CORVETTE;2013;MAN;Gasolina;8;430;6,2;AUTOS DEPORTIVOS;CHEVROLET
CORVETTE;2011;M6;Gasolina;8;430;6,2;AUTOS DEPORTIVOS;CHEVROLET
CORVETTE;2012;MAN;Gasolina;8;430;6,2;AUTOS DEPORTIVOS;CHEVROLET
911;2014;MAN;Gasolina;6;400;3,8;AUTOS DEPORTIVOS;PORSCHE
911;2014;MAN;Gasolina;6;400;3,8;AUTOS DEPORTIVOS;PORSCHE
911;2017;MAN;Gasolina;6;500;4;AUTOS DEPORTIVOS;PORSCHE
911;2016;MAN;Gasolina;6;500;4;AUTOS DEPORTIVOS;PORSCHE
CORVETTE;2016;AUT;Gasolina;8;625;6,2;AUTOS DEPORTIVOS;CHEVROLET
CORVETTE;2017;AUT;Gasolina;8;625;6,2;AUTOS DEPORTIVOS;CHEVROLET
CORVETTE;2018;AUT;Gasolina;8;625;6,2;AUTOS DEPORTIVOS;CHEVROLET
CAMARO;2018;AUT;Gasolina;8;650;6,2;AUTOS DEPORTIVOS;CHEVROLET
CAMARO;2018;AUT;Gasolina;8;650;6,2;AUTOS DEPORTIVOS;CHEVROLET
CAMARO;2017;AUT;Gasolina;8;650;6,2;AUTOS DEPORTIVOS;CHEVROLET
CAMARO;2013;AUT;Gasolina;8;580;6,2;AUTOS DEPORTIVOS;CHEVROLET
911;2011;MAN;Gasolina;6;620;3,6;AUTOS DEPORTIVOS;PORSCHE
911;2012;MAN;Gasolina;6;620;3,6;AUTOS DEPORTIVOS;PORSCHE
SPARK;2016;MAN;Gasolina;4;98;1,4;AUTOS SUBCOMPACTOS;CHEVROLET
SPARK;2017;MAN;Gasolina;4;98;1,4;AUTOS SUBCOMPACTOS;CHEVROLET
SPARK;2018;MAN;Gasolina;4;98;1,4;AUTOS SUBCOMPACTOS;CHEVROLET
SPARK;2016;MAN;Gasolina;4;98;1,4;AUTOS SUBCOMPACTOS;CHEVROLET
SPARK;2017;MAN;Gasolina;4;84;1,4;AUTOS SUBCOMPACTOS;CHEVROLET
SPARK;2017;MAN;Gasolina;4;98;1,4;AUTOS SUBCOMPACTOS;CHEVROLET
SPARK;2017;MAN;Gasolina;4;98;1,4;AUTOS SUBCOMPACTOS;CHEVROLET
SPARK;2018;MAN;Gasolina;4;98;1,4;AUTOS SUBCOMPACTOS;CHEVROLET
SPARK;2018;MAN;Gasolina;4;98;1,4;AUTOS SUBCOMPACTOS;CHEVROLET
SPARK;2017;CVT;Gasolina;4;98;1,4;AUTOS SUBCOMPACTOS;CHEVROLET
SPARK;2018;CVT;Gasolina;4;98;1,4;AUTOS SUBCOMPACTOS;CHEVROLET
SPARK;2018;CVT;Gasolina;4;98;1,4;AUTOS SUBCOMPACTOS;CHEVROLET
BEAT;2018;MAN;Gasolina;4;81;1,2;AUTOS SUBCOMPACTOS;CHEVROLET
BEAT;2018;MAN;Gasolina;4;81;1,2;AUTOS SUBCOMPACTOS;CHEVROLET
BEAT;2018;MAN;Gasolina;4;81;1,2;AUTOS SUBCOMPACTOS;CHEVROLET
SPARK;2016;MAN;Gasolina;4;81;1,2;AUTOS SUBCOMPACTOS;CHEVROLET
SPARK;2016;MAN;Gasolina;4;81;1,2;AUTOS SUBCOMPACTOS;CHEVROLET
SPARK;2016;MAN;Gasolina;4;81;1,2;AUTOS SUBCOMPACTOS;CHEVROLET
SPARK;2017;MAN;Gasolina;4;81;1,2;AUTOS SUBCOMPACTOS;CHEVROLET
SPARK;2017;MAN;Gasolina;4;81;1,2;AUTOS SUBCOMPACTOS;CHEVROLET
SPARK;2017;MAN;Gasolina;4;81;1,2;AUTOS SUBCOMPACTOS;CHEVROLET
SPARK;2014;MAN;Gasolina;4;81;1,2;AUTOS SUBCOMPACTOS;CHEVROLET
SPARK;2015;MAN;Gasolina;4;81;1,2;AUTOS SUBCOMPACTOS;CHEVROLET
SPARK;2011;M5;Gasolina;4;81;1,2;AUTOS SUBCOMPACTOS;CHEVROLET
SPARK;2012;MAN;Gasolina;4;81;1,2;AUTOS SUBCOMPACTOS;CHEVROLET
SPARK;2013;MAN;Gasolina;4;81;1,2;AUTOS SUBCOMPACTOS;CHEVROLET
UP;2016;MAN;Gasolina;3;75;1;AUTOS SUBCOMPACTOS;VW
UP;2016;MAN;Gasolina;3;75;1;AUTOS SUBCOMPACTOS;VW
UP;2017;MAN;Gasolina;3;75;1;AUTOS SUBCOMPACTOS;VW
UP;2017;MAN;Gasolina;3;75;1;AUTOS SUBCOMPACTOS;VW
POLO;2016;DSG;Gasolina;4;105;1,2;AUTOS SUBCOMPACTOS;VW
POLO;2017;DSG;Gasolina;4;105;1,2;AUTOS SUBCOMPACTOS;VW
MATIZ;2013;MAN;Gasolina;4;64;1;AUTOS SUBCOMPACTOS;CHEVROLET
MATIZ;2012;MAN;Gasolina;4;64;1;AUTOS SUBCOMPACTOS;CHEVROLET
MATIZ;2011;M5;Gasolina;4;64;1;AUTOS SUBCOMPACTOS;CHEVROLET
MATIZ;2014;MAN;Gasolina;4;64;1;AUTOS SUBCOMPACTOS;CHEVROLET
MATIZ;2015;MAN;Gasolina;4;64;1;AUTOS SUBCOMPACTOS;CHEVROLET
SONIC;2016;MAN;Gasolina;4;115;1,6;AUTOS SUBCOMPACTOS;CHEVROLET
SONIC;2017;MAN;Gasolina;4;114;1,6;AUTOS SUBCOMPACTOS;CHEVROLET
GOL;2015;AUT;Gasolina;4;101;1,6;AUTOS SUBCOMPACTOS;VW
GOL;2015;AUT;Gasolina;4;101;1,6;AUTOS SUBCOMPACTOS;VW
GOL;2017;ASG;Gasolina;4;101;1,6;AUTOS SUBCOMPACTOS;VW
SONIC;2016;MAN;Gasolina;4;115;1,6;AUTOS SUBCOMPACTOS;CHEVROLET
SONIC;2016;MAN;Gasolina;4;115;1,6;AUTOS SUBCOMPACTOS;CHEVROLET
GOL;2016;ASG;Gasolina;4;101;1,6;AUTOS SUBCOMPACTOS;VW
GOL;2017;ASG;Gasolina;4;101;1,6;AUTOS SUBCOMPACTOS;VW
POLO;2014;DSG;Gasolina;4;105;1,2;AUTOS SUBCOMPACTOS;VW
POLO;2014;MAN;Gasolina;4;105;1,2;AUTOS SUBCOMPACTOS;VW
POLO;2014;DSG;Gasolina;4;180;1,4;AUTOS SUBCOMPACTOS;VW
POLO;2013;MAN;Gasolina;4;105;1,2;AUTOS SUBCOMPACTOS;VW
POLO;2013;DSG;Gasolina;4;180;1,4;AUTOS SUBCOMPACTOS;VW
POLO;2013;DSG;Gasolina;4;105;1,2;AUTOS SUBCOMPACTOS;VW
POLO;2015;MAN;Gasolina;4;105;1,6;AUTOS SUBCOMPACTOS;VW
GOL;2016;ASG;Gasolina;4;101;1,6;AUTOS SUBCOMPACTOS;VW
SONIC;2014;MAN;Gasolina;4;138;1,4;AUTOS SUBCOMPACTOS;CHEVROLET
SONIC;2015;MAN;Gasolina;4;138;1,4;AUTOS SUBCOMPACTOS;CHEVROLET
GOL;2015;MAN;Gasolina;4;100;1,6;AUTOS SUBCOMPACTOS;VW
GOL;2015;MAN;Gasolina;4;100;1,6;AUTOS SUBCOMPACTOS;VW
GOL;2017;MAN;Gasolina;4;101;1,6;AUTOS SUBCOMPACTOS;VW
GOL;2017;MAN;Gasolina;4;101;1,6;AUTOS SUBCOMPACTOS;VW
SONIC;2016;MAN;Gasolina;4;138;1,4;AUTOS SUBCOMPACTOS;CHEVROLET
GOL;2013;MAN;Gasolina;4;101;1,6;AUTOS SUBCOMPACTOS;VW
GOL;2013;MAN;Gasolina;4;101;1,6;AUTOS SUBCOMPACTOS;VW
GOL;2014;MAN;Gasolina;4;101;1,6;AUTOS SUBCOMPACTOS;VW
AVEO;2018;MAN;Gasolina;4;103;1,6;AUTOS SUBCOMPACTOS;CHEVROLET
AVEO;2017;MAN;Gasolina;4;103;1,6;AUTOS SUBCOMPACTOS;CHEVROLET
AVEO;2018;MAN;Gasolina;4;103;1,6;AUTOS SUBCOMPACTOS;CHEVROLET
SONIC;2016;AUT;Gasolina;4;115;1,6;AUTOS SUBCOMPACTOS;CHEVROLET
SONIC;2017;AUT;Gasolina;4;114;1,6;AUTOS SUBCOMPACTOS;CHEVROLET
GOL;2014;MAN;Gasolina;4;101;1,6;AUTOS SUBCOMPACTOS;VW
GOL;2011;MAN;Gasolina;4;101;1,6;AUTOS SUBCOMPACTOS;VW
GOL;2011;MAN;Gasolina;4;101;1,6;AUTOS SUBCOMPACTOS;VW
GOL;2012;MAN;Gasolina;4;101;1,6;AUTOS SUBCOMPACTOS;VW
GOL;2012;MAN;Gasolina;4;101;1,6;AUTOS SUBCOMPACTOS;VW
CHEVY;2011;M5;Gasolina;4;100;1,6;AUTOS SUBCOMPACTOS;CHEVROLET
CHEVY;2011;M5;Gasolina;4;100;1,6;AUTOS SUBCOMPACTOS;CHEVROLET
CHEVY;2011;M5;Gasolina;4;100;1,6;AUTOS SUBCOMPACTOS;CHEVROLET
CHEVY;2012;MAN;Gasolina;4;100;1,6;AUTOS SUBCOMPACTOS;CHEVROLET
CHEVY;2012;MAN;Gasolina;4;100;1,6;AUTOS SUBCOMPACTOS;CHEVROLET
SONIC;2012;MAN;Gasolina;4;112;1,6;AUTOS SUBCOMPACTOS;CHEVROLET
SONIC;2013;MAN;Gasolina;4;112;1,6;AUTOS SUBCOMPACTOS;CHEVROLET
SONIC;2014;MAN;Gasolina;4;112;1,6;AUTOS SUBCOMPACTOS;CHEVROLET
GOL;2016;MAN;Gasolina;4;101;1,6;AUTOS SUBCOMPACTOS;VW
GOL;2016;MAN;Gasolina;4;101;1,6;AUTOS SUBCOMPACTOS;VW
POLO;2016;MAN;Gasolina;4;105;1,6;AUTOS SUBCOMPACTOS;VW
POLO;2017;MAN;Gasolina;4;105;1,6;AUTOS SUBCOMPACTOS;VW
AVEO;2016;MAN;Gasolina;4;103;1,6;AUTOS SUBCOMPACTOS;CHEVROLET
SONIC;2016;AUT;Gasolina;4;115;1,6;AUTOS SUBCOMPACTOS;CHEVROLET
SONIC;2016;AUT;Gasolina;4;115;1,6;AUTOS SUBCOMPACTOS;CHEVROLET
SONIC;2017;AUT;Gasolina;4;114;1,6;AUTOS SUBCOMPACTOS;CHEVROLET
AVEO;2017;MAN;Gasolina;4;103;1,6;AUTOS SUBCOMPACTOS;CHEVROLET
AVEO;2012;MAN;Gasolina;4;103;1,6;AUTOS SUBCOMPACTOS;CHEVROLET
AVEO;2013;MAN;Gasolina;4;103;1,6;AUTOS SUBCOMPACTOS;CHEVROLET
AVEO;2014;MAN;Gasolina;4;103;1,6;AUTOS SUBCOMPACTOS;CHEVROLET
AVEO;2015;MAN;Gasolina;4;103;1,6;AUTOS SUBCOMPACTOS;CHEVROLET
AVEO;2016;MAN;Gasolina;4;103;1,6;AUTOS SUBCOMPACTOS;CHEVROLET
AVEO;2016;MAN;Gasolina;4;103;1,6;AUTOS SUBCOMPACTOS;CHEVROLET
AVEO;2016;MAN;Gasolina;4;103;1,6;AUTOS SUBCOMPACTOS;CHEVROLET
SONIC;2017;AUT;Gasolina;4;114;1,6;AUTOS SUBCOMPACTOS;CHEVROLET
POLO;2015;TIPTRONIC;Gasolina;4;105;1,6;AUTOS SUBCOMPACTOS;VW
CROSSFOX;2016;MAN;Gasolina;4;110;1,6;AUTOS SUBCOMPACTOS;VW
CROSSFOX;2017;MAN;Gasolina;4;110;1,6;AUTOS SUBCOMPACTOS;VW
SONIC;2014;MAN;Gasolina;4;112;1,6;AUTOS SUBCOMPACTOS;CHEVROLET
POLO;2016;DSG;Gasolina;4;190;1,8;AUTOS SUBCOMPACTOS;VW
POLO;2017;DSG;Gasolina;4;190;1,8;AUTOS SUBCOMPACTOS;VW
VENTO;2017;MAN;Gasolina;4;105;1,6;AUTOS SUBCOMPACTOS;VW
AVEO;2011;M5;Gasolina;4;103;1,6;AUTOS SUBCOMPACTOS;CHEVROLET
POLO;2016;TIPT;Gasolina;4;105;1,6;AUTOS SUBCOMPACTOS;VW
POLO;2017;TIPT;Gasolina;4;105;1,6;AUTOS SUBCOMPACTOS;VW
CADDY;2016;MAN;Gasolina;4;105;1,2;AUTOS SUBCOMPACTOS;VW
CADDY;2016;MAN;Gasolina;4;105;1,2;AUTOS SUBCOMPACTOS;VW
VENTO;2017;TIPT;Gasolina;4;105;1,6;AUTOS SUBCOMPACTOS;VW
AVEO;2016;AUT;Gasolina;4;103;1,6;AUTOS SUBCOMPACTOS;CHEVROLET
AVEO;2017;AUT;Gasolina;4;103;1,6;AUTOS SUBCOMPACTOS;CHEVROLET
AVEO;2017;AUT;Gasolina;4;103;1,6;AUTOS SUBCOMPACTOS;CHEVROLET
AVEO;2012;AUT;Gasolina;4;103;1,6;AUTOS SUBCOMPACTOS;CHEVROLET
AVEO;2013;AUT;Gasolina;4;103;1,6;AUTOS SUBCOMPACTOS;CHEVROLET
AVEO;2014;AUT;Gasolina;4;103;1,6;AUTOS SUBCOMPACTOS;CHEVROLET
AVEO;2015;AUT;Gasolina;4;103;1,6;AUTOS SUBCOMPACTOS;CHEVROLET
AVEO;2016;AUT;Gasolina;4;103;1,6;AUTOS SUBCOMPACTOS;CHEVROLET
AVEO;2016;AUT;Gasolina;4;103;1,6;AUTOS SUBCOMPACTOS;CHEVROLET
AVEO;2016;AUT;Gasolina;4;103;1,6;AUTOS SUBCOMPACTOS;CHEVROLET
AVEO;2017;AUT;Gasolina;4;103;1,6;AUTOS SUBCOMPACTOS;CHEVROLET
AVEO;2018;AUT;Gasolina;4;103;1,6;AUTOS SUBCOMPACTOS;CHEVROLET
AVEO;2018;AUT;Gasolina;4;103;1,6;AUTOS SUBCOMPACTOS;CHEVROLET
CROSSFOX;2015;MAN;Gasolina;4;100;1,6;AUTOS SUBCOMPACTOS;VW
AVEO;2011;AUT;Gasolina;4;103;1,6;AUTOS SUBCOMPACTOS;CHEVROLET
SONIC;2012;AUT;Gasolina;4;112;1,6;AUTOS SUBCOMPACTOS;CHEVROLET
SONIC;2013;AUT;Gasolina;4;112;1,6;AUTOS SUBCOMPACTOS;CHEVROLET
SONIC;2014;AUT;Gasolina;4;112;1,6;AUTOS SUBCOMPACTOS;CHEVROLET
SONIC;2015;AUT;Gasolina;4;112;1,6;AUTOS SUBCOMPACTOS;CHEVROLET
AVEO;2018;AUT;Gasolina;4;103;1,6;AUTOS SUBCOMPACTOS;CHEVROLET
SONIC;2012;AUT;Gasolina;4;112;1,6;AUTOS SUBCOMPACTOS;CHEVROLET
SONIC;2013;AUT;Gasolina;4;112;1,6;AUTOS SUBCOMPACTOS;CHEVROLET
SONIC;2014;AUT;Gasolina;4;112;1,6;AUTOS SUBCOMPACTOS;CHEVROLET
CHEVY;2011;AUT;Gasolina;4;100;1,6;AUTOS SUBCOMPACTOS;CHEVROLET
CHEVY;2011;AUT;Gasolina;4;100;1,6;AUTOS SUBCOMPACTOS;CHEVROLET
CHEVY;2011;AUT;Gasolina;4;100;1,6;AUTOS SUBCOMPACTOS;CHEVROLET
CHEVY;2012;AUT;Gasolina;4;100;1,6;AUTOS SUBCOMPACTOS;CHEVROLET
CHEVY;2012;AUT;Gasolina;4;100;1,6;AUTOS SUBCOMPACTOS;CHEVROLET
CROSSFOX;2013;MAN;Gasolina;4;100;1,6;AUTOS SUBCOMPACTOS;VW
CROSSFOX;2014;MAN;Gasolina;4;100;1,6;AUTOS SUBCOMPACTOS;VW
CROSSFOX;2012;MAN;Gasolina;4;100;1,6;AUTOS SUBCOMPACTOS;VW
CROSSFOX;2011;MAN;Gasolina;4;99;1,6;AUTOS SUBCOMPACTOS;VW
LUPO;2011;MAN;Gasolina;4;99;1,6;AUTOS SUBCOMPACTOS;VW
CADDY;2015;MAN;Gasolina;4;105;1,2;CAMIONETAS DE USO MULTIPLE (SUV);VW
CADDY;2015;MAN;Gasolina;4;105;1,2;CAMIONETAS DE USO MULTIPLE (SUV);VW
EQUINOX;2018;AUT;Gasolina;4;170;2,4;CAMIONETAS DE USO MULTIPLE (SUV);CHEVROLET
EQUINOX;2018;AUT;Gasolina;4;170;2,4;CAMIONETAS DE USO MULTIPLE (SUV);CHEVROLET
EQUINOX;2018;AUT;Gasolina;4;170;2,4;CAMIONETAS DE USO MULTIPLE (SUV);CHEVROLET
TIGUAN;2016;DSG;Gasolina;4;150;1,4;CAMIONETAS DE USO MULTIPLE (SUV);VW
TIGUAN;2017;DSG;Gasolina;4;150;1,4;CAMIONETAS DE USO MULTIPLE (SUV);VW
CADDY;2017;MAN;Gasolina;4;105;1,2;CAMIONETAS DE USO MULTIPLE (SUV);VW
CADDY;2017;MAN;Gasolina;4;105;1,2;CAMIONETAS DE USO MULTIPLE (SUV);VW
TOUAREG;2016;TIPTRONIC;Gasolina;6;379;3;CAMIONETAS DE USO MULTIPLE (SUV);VW
CADDY;2016;MAN;Gasolina;4;110;1,6;CAMIONETAS DE USO MULTIPLE (SUV);VW
CADDY;2016;MAN;Gasolina;4;110;1,6;CAMIONETAS DE USO MULTIPLE (SUV);VW
CADDY;2017;MAN;Gasolina;4;110;1,6;CAMIONETAS DE USO MULTIPLE (SUV);VW
CADDY;2017;MAN;Gasolina;4;110;1,6;CAMIONETAS DE USO MULTIPLE (SUV);VW
TOUAREG;2015;TIPTRONIC;Gasolina;6;379;3;CAMIONETAS DE USO MULTIPLE (SUV);VW
CAYENNE;2016;TIPT;Gasolina;6;380;3;CAMIONETAS DE USO MULTIPLE (SUV);PORSCHE
CAYENNE;2017;TIPT;Gasolina;6;381;3;CAMIONETAS DE USO MULTIPLE (SUV);PORSCHE
Q3;2016;STRONIC;Gasolina;4;150;1,4;CAMIONETAS DE USO MULTIPLE (SUV);AUDI
Q3;2017;STRONIC;Gasolina;4;150;1,4;CAMIONETAS DE USO MULTIPLE (SUV);AUDI
TRAX;2014;AUT;Gasolina;4;138;1,4;CAMIONETAS DE USO MULTIPLE (SUV);CHEVROLET
TRAX;2015;AUT;Gasolina;4;138;1,4;CAMIONETAS DE USO MULTIPLE (SUV);CHEVROLET
Q3;2016;STRONIC;Gasolina;4;180;2;CAMIONETAS DE USO MULTIPLE (SUV);AUDI
Q3;2017;STRONIC;Gasolina;4;180;2;CAMIONETAS DE USO MULTIPLE (SUV);AUDI
TRAX;2016;AUT;Gasolina;4;140;1,8;CAMIONETAS DE USO MULTIPLE (SUV);CHEVROLET
TRAX;2017;AUT;Gasolina;4;140;1,8;CAMIONETAS DE USO MULTIPLE (SUV);CHEVROLET
TRAX;2013;MAN;Gasolina;4;140;1,8;CAMIONETAS DE USO MULTIPLE (SUV);CHEVROLET
TRAX;2015;MAN;Gasolina;4;140;1,8;CAMIONETAS DE USO MULTIPLE (SUV);CHEVROLET
TRAX;2016;MAN;Gasolina;4;140;1,8;CAMIONETAS DE USO MULTIPLE (SUV);CHEVROLET
TRAX;2017;MAN;Gasolina;4;140;1,8;CAMIONETAS DE USO MULTIPLE (SUV);CHEVROLET
TRAX;2014;MAN;Gasolina;4;140;1,8;CAMIONETAS DE USO MULTIPLE (SUV);CHEVROLET
Q3;2016;STRONIC;Gasolina;4;220;2;CAMIONETAS DE USO MULTIPLE (SUV);AUDI
Q3;2017;STRONIC;Gasolina;4;220;2;CAMIONETAS DE USO MULTIPLE (SUV);AUDI
TRAX;2016;AUT;Gasolina;4;140;1,8;CAMIONETAS DE USO MULTIPLE (SUV);CHEVROLET
TRAX;2017;AUT;Gasolina;4;140;1,8;CAMIONETAS DE USO MULTIPLE (SUV);CHEVROLET
TIGUAN;2015;DSG;Gasolina;4;160;1,4;CAMIONETAS DE USO MULTIPLE (SUV);VW
Q3;2013;STRONIC;Gasolina;4;211;2;CAMIONETAS DE USO MULTIPLE (SUV);AUDI
Q3;2015;STRONIC;Gasolina;4;211;2;CAMIONETAS DE USO MULTIPLE (SUV);AUDI
TIGUAN;2016;DSG;Gasolina;4;160;1,4;CAMIONETAS DE USO MULTIPLE (SUV);VW
TIGUAN;2017;DSG;Gasolina;4;160;1,4;CAMIONETAS DE USO MULTIPLE (SUV);VW
Q3;2013;STRONIC;Gasolina;4;170;2;CAMIONETAS DE USO MULTIPLE (SUV);AUDI
Q3;2015;STRONIC;Gasolina;4;170;2;CAMIONETAS DE USO MULTIPLE (SUV);AUDI
Q5;2015;TIPTRONIC;Gasolina;4;225;2;CAMIONETAS DE USO MULTIPLE (SUV);AUDI
Q5;2016;TIPTRONIC;Gasolina;4;225;2;CAMIONETAS DE USO MULTIPLE (SUV);AUDI
Q5;2017;TIPT;Gasolina;4;225;2;CAMIONETAS DE USO MULTIPLE (SUV);AUDI
Q5;2013;TIPTRONIC;Gasolina;4;225;2;CAMIONETAS DE USO MULTIPLE (SUV);AUDI
TRAX;2013;AUT;Gasolina;4;140;1,8;CAMIONETAS DE USO MULTIPLE (SUV);CHEVROLET
TRAX;2014;AUT;Gasolina;4;140;1,8;CAMIONETAS DE USO MULTIPLE (SUV);CHEVROLET
TRAX;2015;AUT;Gasolina;4;140;1,8;CAMIONETAS DE USO MULTIPLE (SUV);CHEVROLET
CR-V;2012;AUT;Gasolina;4;177;2,4;CAMIONETAS DE USO MULTIPLE (SUV);HONDA
CR-V;2012;AUT;Gasolina;4;177;2,4;CAMIONETAS DE USO MULTIPLE (SUV);HONDA
CR-V;2012;AUT;Gasolina;4;177;2,4;CAMIONETAS DE USO MULTIPLE (SUV);HONDA
CR-V;2013;AUT;Gasolina;4;177;2,4;CAMIONETAS DE USO MULTIPLE (SUV);HONDA
CR-V;2013;AUT;Gasolina;4;177;2,4;CAMIONETAS DE USO MULTIPLE (SUV);HONDA
CR-V;2013;AUT;Gasolina;4;177;2,4;CAMIONETAS DE USO MULTIPLE (SUV);HONDA
CR-V;2014;AUT;Gasolina;4;177;2,4;CAMIONETAS DE USO MULTIPLE (SUV);HONDA
CR-V;2014;AUT;Gasolina;4;177;2,4;CAMIONETAS DE USO MULTIPLE (SUV);HONDA
CR-V;2014;AUT;Gasolina;4;177;2,4;CAMIONETAS DE USO MULTIPLE (SUV);HONDA
TRAX;2014;AUT;Gasolina;4;140;1,8;CAMIONETAS DE USO MULTIPLE (SUV);CHEVROLET
TRAX;2013;AUT;Gasolina;4;140;1,8;CAMIONETAS DE USO MULTIPLE (SUV);CHEVROLET
TRAX;2015;AUT;Gasolina;4;140;1,8;CAMIONETAS DE USO MULTIPLE (SUV);CHEVROLET
TIGUAN;2015;TIPTRONIC;Gasolina;4;200;2;CAMIONETAS DE USO MULTIPLE (SUV);VW
TIGUAN;2016;TIPTRONIC;Gasolina;4;197;2;CAMIONETAS DE USO MULTIPLE (SUV);VW
EQUINOX;2016;AUT;Gasolina;4;182;2,4;CAMIONETAS DE USO MULTIPLE (SUV);CHEVROLET
EQUINOX;2017;AUT;Gasolina;4;182;2,4;CAMIONETAS DE USO MULTIPLE (SUV);CHEVROLET
TOUAREG;2017;TIPT;Gasolina;6;379;3;CAMIONETAS DE USO MULTIPLE (SUV);VW
TIGUAN;2015;TIPTRONIC;Gasolina;4;200;2;CAMIONETAS DE USO MULTIPLE (SUV);VW
TIGUAN;2016;TIPTRONIC;Gasolina;4;197;2;CAMIONETAS DE USO MULTIPLE (SUV);VW
TIGUAN;2017;TIPT;Gasolina;4;200;2;CAMIONETAS DE USO MULTIPLE (SUV);VW
Q3;2014;S TRONIC;Gasolina;4;170;2;CAMIONETAS DE USO MULTIPLE (SUV);AUDI
Q5;2017;TIPT;Gasolina;4;230;2;CAMIONETAS DE USO MULTIPLE (SUV);AUDI
Q5;2016;TIPT;Gasolina;4;230;2;CAMIONETAS DE USO MULTIPLE (SUV);AUDI
Q5;2015;TIPTRONIC;Gasolina;6;272;3;CAMIONETAS DE USO MULTIPLE (SUV);AUDI
Q5;2016;TIPTRONIC;Gasolina;6;272;3;CAMIONETAS DE USO MULTIPLE (SUV);AUDI
Q7;2016;TIPT;Gasolina;4;252;2;CAMIONETAS DE USO MULTIPLE (SUV);AUDI
Q5;2017;TIPT;Gasolina;6;272;3;CAMIONETAS DE USO MULTIPLE (SUV);AUDI
Q7;2017;TIPT;Gasolina;4;252;2;CAMIONETAS DE USO MULTIPLE (SUV);AUDI
EQUINOX;2016;AUT;Gasolina;4;182;2,4;CAMIONETAS DE USO MULTIPLE (SUV);CHEVROLET
EQUINOX;2016;AUT;Gasolina;4;182;2,4;CAMIONETAS DE USO MULTIPLE (SUV);CHEVROLET
EQUINOX;2017;AUT;Gasolina;4;182;2,4;CAMIONETAS DE USO MULTIPLE (SUV);CHEVROLET
EQUINOX;2017;AUT;Gasolina;4;182;2,4;CAMIONETAS DE USO MULTIPLE (SUV);CHEVROLET
Q5;2013;TIPTRONIC;Gasolina;6;272;3;CAMIONETAS DE USO MULTIPLE (SUV);AUDI
TOUAREG;2013;TIPTRONIC;Gasolina;6;333;3;CAMIONETAS DE USO MULTIPLE (SUV);VW
CAYENNE;2013;TIP;Gasolina;6;380;3;CAMIONETAS DE USO MULTIPLE (SUV);PORSCHE
CR-V;2011;AUT;Gasolina;4;175;2,4;CAMIONETAS DE USO MULTIPLE (SUV);HONDA
CR-V;2011;AUT;Gasolina;4;175;2,4;CAMIONETAS DE USO MULTIPLE (SUV);HONDA
CR-V;2011;AUT;Gasolina;4;175;2,4;CAMIONETAS DE USO MULTIPLE (SUV);HONDA
CR-V;2011;AUT;Gasolina;4;175;2,4;CAMIONETAS DE USO MULTIPLE (SUV);HONDA
CR-V;2011;AUT;Gasolina;4;175;2,4;CAMIONETAS DE USO MULTIPLE (SUV);HONDA
TIGUAN;2017;TIPT;Gasolina;4;200;2;CAMIONETAS DE USO MULTIPLE (SUV);VW
CAPTIVA;2013;AUT;Gasolina;4;182;2,4;CAMIONETAS DE USO MULTIPLE (SUV);CHEVROLET
CAPTIVA SPORT;2011;AUT;Gasolina;4;182;2,4;CAMIONETAS DE USO MULTIPLE (SUV);CHEVROLET
CAPTIVA SPORT;2011;AUT;Gasolina;4;169;2,4;CAMIONETAS DE USO MULTIPLE (SUV);CHEVROLET
CAYENNE;2016;TIPT;Gasolina;6;300;3,6;CAMIONETAS DE USO MULTIPLE (SUV);PORSCHE
CAYENNE;2017;TIPT;Gasolina;6;300;3,6;CAMIONETAS DE USO MULTIPLE (SUV);PORSCHE
CAPTIVA;2014;AUT;Gasolina;4;182;2,4;CAMIONETAS DE USO MULTIPLE (SUV);CHEVROLET
CAPTIVA;2015;AUT;Gasolina;4;182;2,4;CAMIONETAS DE USO MULTIPLE (SUV);CHEVROLET
CR-V;2017;;Gasolina;4;184;2,4;CAMIONETAS DE USO MULTIPLE (SUV);HONDA
TIGUAN;2011;TIP;Gasolina;4;200;2;CAMIONETAS DE USO MULTIPLE (SUV);VW
TIGUAN;2011;TIP;Gasolina;4;200;2;CAMIONETAS DE USO MULTIPLE (SUV);VW
TIGUAN;2012;TIP;Gasolina;4;200;2;CAMIONETAS DE USO MULTIPLE (SUV);VW
TIGUAN;2012;TIP;Gasolina;4;200;2;CAMIONETAS DE USO MULTIPLE (SUV);VW
TIGUAN;2013;TIPTRONIC;Gasolina;4;200;2;CAMIONETAS DE USO MULTIPLE (SUV);VW
TIGUAN;2013;TIPTRONIC;Gasolina;4;200;2;CAMIONETAS DE USO MULTIPLE (SUV);VW
TIGUAN;2014;TIPTRONIC;Gasolina;4;200;2;CAMIONETAS DE USO MULTIPLE (SUV);VW
TIGUAN;2014;TIPTRONIC;Gasolina;4;200;2;CAMIONETAS DE USO MULTIPLE (SUV);VW
CR-V;2016;CVT;Gasolina;4;185;2,4;CAMIONETAS DE USO MULTIPLE (SUV);HONDA
CR-V;2016;CVT;Gasolina;4;185;2,4;CAMIONETAS DE USO MULTIPLE (SUV);HONDA
CR-V;2016;CVT;Gasolina;4;185;2,4;CAMIONETAS DE USO MULTIPLE (SUV);HONDA
CR-V;2016;CVT;Gasolina;4;185;2,4;CAMIONETAS DE USO MULTIPLE (SUV);HONDA
Q7;2017;TIPT;Gasolina;6;333;3;CAMIONETAS DE USO MULTIPLE (SUV);AUDI
Q7;2016;TIPT;Gasolina;6;333;3;CAMIONETAS DE USO MULTIPLE (SUV);AUDI
SQ5;2015;TIPTRONIC;Gasolina;6;354;3;CAMIONETAS DE USO MULTIPLE (SUV);AUDI
SQ5;2016;TIPTRONIC;Gasolina;6;354;3;CAMIONETAS DE USO MULTIPLE (SUV);AUDI
S Q5;2017;TIPT;Gasolina;6;354;3;CAMIONETAS DE USO MULTIPLE (SUV);AUDI
CAPTIVA;2013;AUT;Gasolina;6;264;3;CAMIONETAS DE USO MULTIPLE (SUV);CHEVROLET
CAPTIVA SPORT;2011;AUT;Gasolina;6;264;3;CAMIONETAS DE USO MULTIPLE (SUV);CHEVROLET
CAPTIVA;2014;AUT;Gasolina;6;264;3;CAMIONETAS DE USO MULTIPLE (SUV);CHEVROLET
CAPTIVA;2015;AUT;Gasolina;6;264;3;CAMIONETAS DE USO MULTIPLE (SUV);CHEVROLET
CAYENNE;2013;TIP;Gasolina;6;300;3,6;CAMIONETAS DE USO MULTIPLE (SUV);PORSCHE
CAYENNE;2016;TIPT;Gasolina;6;420;3,6;CAMIONETAS DE USO MULTIPLE (SUV);PORSCHE
CAYENNE;2017;TIPT;Gasolina;6;420;3,6;CAMIONETAS DE USO MULTIPLE (SUV);PORSCHE
TRAVERSE;2012;AUT;Gasolina;6;281;3,6;CAMIONETAS DE USO MULTIPLE (SUV);CHEVROLET
TRAVERSE;2011;AUT;Gasolina;6;281;3,6;CAMIONETAS DE USO MULTIPLE (SUV);CHEVROLET
TRAVERSE;2013;AUT;Gasolina;6;281;3,6;CAMIONETAS DE USO MULTIPLE (SUV);CHEVROLET
TRAVERSE;2014;AUT;Gasolina;6;281;3,6;CAMIONETAS DE USO MULTIPLE (SUV);CHEVROLET
TRAVERSE;2015;AUT;Gasolina;6;281;3,6;CAMIONETAS DE USO MULTIPLE (SUV);CHEVROLET
TRAVERSE;2016;AUT;Gasolina;6;281;3,6;CAMIONETAS DE USO MULTIPLE (SUV);CHEVROLET
CAYENNE;2015;TIPTRONIC;Gasolina;6;300;3,6;CAMIONETAS DE USO MULTIPLE (SUV);PORSCHE
CAPTIVA;2013;AUT;Gasolina;6;264;3;CAMIONETAS DE USO MULTIPLE (SUV);CHEVROLET
TOUAREG;2016;TIPTRONIC;Gasolina;8;360;4,2;CAMIONETAS DE USO MULTIPLE (SUV);VW
CAPTIVA SPORT;2011;AUT;Gasolina;6;257;3,6;CAMIONETAS DE USO MULTIPLE (SUV);CHEVROLET
TOUAREG;2015;TIPTRONIC;Gasolina;8;360;4,2;CAMIONETAS DE USO MULTIPLE (SUV);VW
TOUAREG;2017;TIPT;Gasolina;8;360;4,2;CAMIONETAS DE USO MULTIPLE (SUV);VW
CAYENNE;2016;TIPT;Gasolina;6;440;3,6;CAMIONETAS DE USO MULTIPLE (SUV);PORSCHE
CAYENNE;2017;TIPT;Gasolina;6;440;3,6;CAMIONETAS DE USO MULTIPLE (SUV);PORSCHE
Q7;2015;TIPTRONIC;Gasolina;6;333;3;CAMIONETAS DE USO MULTIPLE (SUV);AUDI
TOUAREG;2016;TIPT;Gasolina;6;280;3,6;CAMIONETAS DE USO MULTIPLE (SUV);VW
TOUAREG;2017;TIPT;Gasolina;6;280;3,6;CAMIONETAS DE USO MULTIPLE (SUV);VW
CAYENNE;2013;TIP;Gasolina;8;400;4,8;CAMIONETAS DE USO MULTIPLE (SUV);PORSCHE
CAYENNE;2013;TIP;Gasolina;8;420;4,8;CAMIONETAS DE USO MULTIPLE (SUV);PORSCHE
SUBURBAN;2016;AUT;Gasolina;8;355;5,3;CAMIONETAS DE USO MULTIPLE (SUV);CHEVROLET
SUBURBAN;2016;AUT;Gasolina;8;355;5,3;CAMIONETAS DE USO MULTIPLE (SUV);CHEVROLET
SUBURBAN;2017;AUT;Gasolina;8;355;5,3;CAMIONETAS DE USO MULTIPLE (SUV);CHEVROLET
SUBURBAN;2017;AUT;Gasolina;8;355;5,3;CAMIONETAS DE USO MULTIPLE (SUV);CHEVROLET
SUBURBAN;2015;AUT;Gasolina;8;355;5,3;CAMIONETAS DE USO MULTIPLE (SUV);CHEVROLET
CAYENNE;2015;TIPTRONIC;Gasolina;8;400;4,8;CAMIONETAS DE USO MULTIPLE (SUV);PORSCHE
CAYENNE;2015;TIPTRONIC;Gasolina;8;420;4,8;CAMIONETAS DE USO MULTIPLE (SUV);PORSCHE
TAHOE;2017;AUT;Gasolina;8;355;5,3;CAMIONETAS DE USO MULTIPLE (SUV);CHEVROLET
TAHOE;2015;AUT;Gasolina;8;355;5,3;CAMIONETAS DE USO MULTIPLE (SUV);CHEVROLET
TAHOE;2016;AUT;Gasolina;8;355;5,3;CAMIONETAS DE USO MULTIPLE (SUV);CHEVROLET
TAHOE;2016;AUT;Gasolina;8;355;5,3;CAMIONETAS DE USO MULTIPLE (SUV);CHEVROLET
TAHOE;2017;AUT;Gasolina;8;355;5,3;CAMIONETAS DE USO MULTIPLE (SUV);CHEVROLET
TAHOE;2017;AUT;Gasolina;8;355;5,3;CAMIONETAS DE USO MULTIPLE (SUV);CHEVROLET
CAYENNE;2016;TIPT;Gasolina;8;520;4,8;CAMIONETAS DE USO MULTIPLE (SUV);PORSCHE
CAYENNE;2016;TIPT;Gasolina;8;570;4,8;CAMIONETAS DE USO MULTIPLE (SUV);PORSCHE
CAYENNE;2017;TIPT;Gasolina;8;520;4,8;CAMIONETAS DE USO MULTIPLE (SUV);PORSCHE
CAYENNE;2017;TIPT;Gasolina;8;570;4,8;CAMIONETAS DE USO MULTIPLE (SUV);PORSCHE
EXPRESS;2011;AUT;Gasolina;6;195;4,3;CAMIONETAS DE USO MULTIPLE (SUV);CHEVROLET
EXPRESS;2014;AUT;Gasolina;6;195;4,3;CAMIONETAS DE USO MULTIPLE (SUV);CHEVROLET
EXPRESS;2013;AUT;Gasolina;6;195;4,3;CAMIONETAS DE USO MULTIPLE (SUV);CHEVROLET
TRAVERSE;2017;AUT;Gasolina;6;281;3,6;CAMIONETAS DE USO MULTIPLE (SUV);CHEVROLET
SUBURBAN;2016;AUT;Gasolina;8;355;5,3;CAMIONETAS DE USO MULTIPLE (SUV);CHEVROLET
SUBURBAN;2017;AUT;Gasolina;8;355;5,3;CAMIONETAS DE USO MULTIPLE (SUV);CHEVROLET
SUBURBAN;2015;AUT;Gasolina;8;355;5,3;CAMIONETAS DE USO MULTIPLE (SUV);CHEVROLET
SUBURBAN;2014;AUT;Gasolina;8;320;5,3;CAMIONETAS DE USO MULTIPLE (SUV);CHEVROLET
TAHOE;2014;AUT;Gasolina;8;320;5,3;CAMIONETAS DE USO MULTIPLE (SUV);CHEVROLET
TAHOE;2015;AUT;Gasolina;8;355;5,3;CAMIONETAS DE USO MULTIPLE (SUV);CHEVROLET
TAHOE;2016;AUT;Gasolina;8;355;5,3;CAMIONETAS DE USO MULTIPLE (SUV);CHEVROLET
TAHOE;2016;AUT;Gasolina;8;355;5,3;CAMIONETAS DE USO MULTIPLE (SUV);CHEVROLET
TAHOE;2017;AUT;Gasolina;8;355;5,3;CAMIONETAS DE USO MULTIPLE (SUV);CHEVROLET
SUBURBAN;2014;AUT;Gasolina;8;320;5,3;CAMIONETAS DE USO MULTIPLE (SUV);CHEVROLET
CAYENNE;2013;TIP;Gasolina;8;500;4,8;CAMIONETAS DE USO MULTIPLE (SUV);PORSCHE
CAYENNE;2013;TIP;Gasolina;8;550;4,8;CAMIONETAS DE USO MULTIPLE (SUV);PORSCHE
SUBURBAN;2015;AUT;Gasolina;8;355;5,3;CAMIONETAS DE USO MULTIPLE (SUV);CHEVROLET
CAYENNE;2014;TIPTRONIC;Gasolina;6;300;3,6;CAMIONETAS DE USO MULTIPLE (SUV);PORSCHE
ROUTAN;2012;TIP;Gasolina;6;283;3,6;CAMIONETAS DE USO MULTIPLE (SUV);VW
TAHOE;2013;AUT;Gasolina;8;320;5,3;CAMIONETAS DE USO MULTIPLE (SUV);CHEVROLET
ODYSSEY;2018;AUT;Gasolina;6;280;3,5;CAMIONETAS DE USO MULTIPLE (SUV);HONDA
ODYSSEY;2018;AUT;Gasolina;6;280;3,5;CAMIONETAS DE USO MULTIPLE (SUV);HONDA
ODYSSEY;2018;AUT;Gasolina;6;280;3,5;CAMIONETAS DE USO MULTIPLE (SUV);HONDA
ODYSSEY;2018;AUT;Gasolina;6;280;3,5;CAMIONETAS DE USO MULTIPLE (SUV);HONDA
SUBURBAN;2013;AUT;Gasolina;8;320;5,3;CAMIONETAS DE USO MULTIPLE (SUV);CHEVROLET
SUBURBAN;2013;AUT;Gasolina;8;320;5,3;CAMIONETAS DE USO MULTIPLE (SUV);CHEVROLET
TAHOE;2013;AUT;Gasolina;8;320;5,3;CAMIONETAS DE USO MULTIPLE (SUV);CHEVROLET
SUBURBAN;2011;AUT;Gasolina;8;320;5,3;CAMIONETAS DE USO MULTIPLE (SUV);CHEVROLET
SUBURBAN;2011;AUT;Gasolina;8;320;5,3;CAMIONETAS DE USO MULTIPLE (SUV);CHEVROLET
TAHOE;2011;AUT;Gasolina;8;320;5,3;CAMIONETAS DE USO MULTIPLE (SUV);CHEVROLET
TAHOE;2011;AUT;Gasolina;8;320;5,3;CAMIONETAS DE USO MULTIPLE (SUV);CHEVROLET
SUBURBAN;2012;AUT;Gasolina;8;320;5,3;CAMIONETAS DE USO MULTIPLE (SUV);CHEVROLET
SUBURBAN;2012;AUT;Gasolina;8;320;5,3;CAMIONETAS DE USO MULTIPLE (SUV);CHEVROLET
TAHOE;2012;AUT;Gasolina;8;320;5,3;CAMIONETAS DE USO MULTIPLE (SUV);CHEVROLET
TAHOE;2012;AUT;Gasolina;8;320;5,3;CAMIONETAS DE USO MULTIPLE (SUV);CHEVROLET
CAYENNE;2014;TIPTRONIC;Gasolina;8;400;4,8;CAMIONETAS DE USO MULTIPLE (SUV);PORSCHE
CAYENNE;2014;TIPTRONIC;Gasolina;8;420;4,8;CAMIONETAS DE USO MULTIPLE (SUV);PORSCHE
EXPRESS;2013;AUT;Gasolina;8;310;5,3;CAMIONETAS DE USO MULTIPLE (SUV);CHEVROLET
EXPRESS;2011;AUT;Gasolina;8;301;5,3;CAMIONETAS DE USO MULTIPLE (SUV);CHEVROLET
EXPRESS;2014;AUT;Gasolina;8;310;5,3;CAMIONETAS DE USO MULTIPLE (SUV);CHEVROLET
TAHOE;2014;AUT;Gasolina;8;320;5,3;CAMIONETAS DE USO MULTIPLE (SUV);CHEVROLET
ODYSSEY;2011;AUT;Gasolina;6;250;3,5;CAMIONETAS DE USO MULTIPLE (SUV);HONDA
ODYSSEY;2011;AUT;Gasolina;6;250;3,5;CAMIONETAS DE USO MULTIPLE (SUV);HONDA
ODYSSEY;2011;AUT;Gasolina;6;250;3,5;CAMIONETAS DE USO MULTIPLE (SUV);HONDA
ODYSSEY;2012;AUT;Gasolina;6;250;3,5;CAMIONETAS DE USO MULTIPLE (SUV);HONDA
ODYSSEY;2012;AUT;Gasolina;6;250;3,5;CAMIONETAS DE USO MULTIPLE (SUV);HONDA
ODYSSEY;2012;AUT;Gasolina;6;250;3,5;CAMIONETAS DE USO MULTIPLE (SUV);HONDA
ODYSSEY;2013;AUT;Gasolina;6;253;3,5;CAMIONETAS DE USO MULTIPLE (SUV);HONDA
ODYSSEY;2013;AUT;Gasolina;6;253;3,5;CAMIONETAS DE USO MULTIPLE (SUV);HONDA
ODYSSEY;2013;AUT;Gasolina;6;253;3,5;CAMIONETAS DE USO MULTIPLE (SUV);HONDA
ODYSSEY;2014;AUT;Gasolina;6;250;3,5;CAMIONETAS DE USO MULTIPLE (SUV);HONDA
ODYSSEY;2014;AUT;Gasolina;6;250;3,5;CAMIONETAS DE USO MULTIPLE (SUV);HONDA
ODYSSEY;2014;AUT;Gasolina;6;250;3,5;CAMIONETAS DE USO MULTIPLE (SUV);HONDA
ODYSSEY;2014;AUT;Gasolina;6;250;3,5;CAMIONETAS DE USO MULTIPLE (SUV);HONDA
ODYSSEY;2015;AUT;Gasolina;6;250;3,5;CAMIONETAS DE USO MULTIPLE (SUV);HONDA
ODYSSEY;2015;AUT;Gasolina;6;250;3,5;CAMIONETAS DE USO MULTIPLE (SUV);HONDA
ODYSSEY;2015;AUT;Gasolina;6;250;3,5;CAMIONETAS DE USO MULTIPLE (SUV);HONDA
ODYSSEY;2015;AUT;Gasolina;6;250;3,5;CAMIONETAS DE USO MULTIPLE (SUV);HONDA
ODYSSEY;2016;AUT;Gasolina;6;250;3,5;CAMIONETAS DE USO MULTIPLE (SUV);HONDA
ODYSSEY;2016;AUT;Gasolina;6;250;3,5;CAMIONETAS DE USO MULTIPLE (SUV);HONDA
ODYSSEY;2016;AUT;Gasolina;6;250;3,5;CAMIONETAS DE USO MULTIPLE (SUV);HONDA
ODYSSEY;2016;AUT;Gasolina;6;250;3,5;CAMIONETAS DE USO MULTIPLE (SUV);HONDA
ODYSSEY;2017;AUT;Gasolina;6;250;3,5;CAMIONETAS DE USO MULTIPLE (SUV);HONDA
ODYSSEY;2017;AUT;Gasolina;6;250;3,5;CAMIONETAS DE USO MULTIPLE (SUV);HONDA
ODYSSEY;2017;AUT;Gasolina;6;250;3,5;CAMIONETAS DE USO MULTIPLE (SUV);HONDA
ODYSSEY;2017;AUT;Gasolina;6;250;3,5;CAMIONETAS DE USO MULTIPLE (SUV);HONDA
CAYENNE;2014;TIPTRONIC;Gasolina;8;550;4,8;CAMIONETAS DE USO MULTIPLE (SUV);PORSCHE
CAYENNE;2014;TIPTRONIC;Gasolina;8;500;4,8;CAMIONETAS DE USO MULTIPLE (SUV);PORSCHE
ROUTAN;2011;TIP;Gasolina;6;200;3,8;CAMIONETAS DE USO MULTIPLE (SUV);VW
PILOT;2015;AUT;Gasolina;6;253;3,5;CAMIONETAS DE USO MULTIPLE (SUV);HONDA
PILOT;2015;AUT;Gasolina;6;253;3,5;CAMIONETAS DE USO MULTIPLE (SUV);HONDA
TOUAREG;2014;TIPTRONIC;Gasolina;8;360;4,2;CAMIONETAS DE USO MULTIPLE (SUV);VW
CAYENNE;2011;TIP;Gasolina;6;300;3,6;CAMIONETAS DE USO MULTIPLE (SUV);PORSCHE
CAYENNE;2012;TIP;Gasolina;6;300;3,6;CAMIONETAS DE USO MULTIPLE (SUV);PORSCHE
CAYENNE;2012;TIP;Gasolina;8;405;4,8;CAMIONETAS DE USO MULTIPLE (SUV);PORSCHE
CAYENNE;2012;TIP;Gasolina;8;400;4,8;CAMIONETAS DE USO MULTIPLE (SUV);PORSCHE
CAYENNE;2011;TIP;Gasolina;8;400;4,8;CAMIONETAS DE USO MULTIPLE (SUV);PORSCHE
CAYENNE;2011;TIP;Gasolina;8;405;4,8;CAMIONETAS DE USO MULTIPLE (SUV);PORSCHE
CAYENNE;2012;TIP;Gasolina;8;500;4,8;CAMIONETAS DE USO MULTIPLE (SUV);PORSCHE
CAYENNE;2012;TIP;Gasolina;8;550;4,8;CAMIONETAS DE USO MULTIPLE (SUV);PORSCHE
CAYENNE;2011;TIP;Gasolina;8;500;4,8;CAMIONETAS DE USO MULTIPLE (SUV);PORSCHE
CAYENNE;2011;TIP;Gasolina;8;500;4,8;CAMIONETAS DE USO MULTIPLE (SUV);PORSCHE
